Pedido;Data Cadastro;Produto;Descrição Produto;Quantidade Compra;Unidade de Compra;Preço Unit. Compra;Fornecedor;Descrição Fornecedor;Situação Pedido;Previsão Entrega Inicial;Previsão Entrega Atual;Comprador;Nome Comprador;Condição Pagamento;Descrição Condição Pagamento;Data Recebimentos;Máscara de Entrada
75643;24/06/2026;1014;Chapa Al Xadrez 2,70x1250x3000mm;95;KG;39,3;23356;ALUMIPLAST;Em Aberto;22/07/2026;17/07/2026;109;Marcia - Compras;6;28 DIAS;;1.02.01.03.01.00002
75210;01/06/2026;1016;Bobina Al Natural 1,00x1000mm;12.340,00;KG;34,97;21594;COMPANHIA BRASILEIRA DE ALUMINIO;Em Aberto;05/08/2026;05/08/2026;104;Jonas Linshalm;2;7 DIAS;;1.02.02.01.05.00001
75787;01/07/2026;1016;Bobina Al Natural 1,00x1000mm;12.340,00;KG;35,3;21594;COMPANHIA BRASILEIRA DE ALUMINIO;Em Aberto;10/08/2026;10/08/2026;104;Jonas Linshalm;2;7 DIAS;;1.02.02.01.05.00001
75788;01/07/2026;1016;Bobina Al Natural 1,00x1000mm;12.340,00;KG;35,3;21594;COMPANHIA BRASILEIRA DE ALUMINIO;Em Aberto;31/08/2026;31/08/2026;104;Jonas Linshalm;2;7 DIAS;;1.02.02.01.05.00001
74631;06/05/2026;1022;Bobina Al Natural 0,90x1460mm;9.047,00;KG;33,71;21594;COMPANHIA BRASILEIRA DE ALUMINIO;Em Aberto;06/07/2026;06/07/2026;104;Jonas Linshalm;2;7 DIAS;;1.02.02.02.05.00001
75788;01/07/2026;1022;Bobina Al Natural 0,90x1460mm;9.047,00;KG;35,3;21594;COMPANHIA BRASILEIRA DE ALUMINIO;Em Aberto;31/08/2026;31/08/2026;104;Jonas Linshalm;2;7 DIAS;;1.02.02.02.05.00001
75736;30/06/2026;1030;Bobina #14 Zn 1,95x1000mm;6.000,00;KG;6,2;23066;ARCELORMITTAL BRASIL S A;Em Aberto;31/07/2026;31/07/2026;109;Marcia - Compras;136;44-59-74 dias;;1.01.02.04.07.00001
75190;29/05/2026;1030;Bobina #14 Zn 1,95x1000mm;6.000,00;KG;6,2;25506;ZSG INDUSTRIA PLASTICA E METAL MECANICA LTDA;Atendido Parcial;03/07/2026;03/07/2026;109;Marcia - Compras;45;30/45/60/75;01/07/2026;1.01.02.04.07.00001
75731;30/06/2026;1031;Bobina #14 Zn 1,95x1200mm;6.000,00;KG;6,2;23066;ARCELORMITTAL BRASIL S A;Em Aberto;24/07/2026;24/07/2026;109;Marcia - Compras;136;44-59-74 dias;;1.01.02.04.07.00004
75735;30/06/2026;1036;Bobina #16 Zn 1,55x1200mm;6.000,00;KG;6,2;23066;ARCELORMITTAL BRASIL S A;Em Aberto;31/07/2026;31/07/2026;109;Marcia - Compras;136;44-59-74 dias;;1.01.02.04.06.00002
75732;30/06/2026;1053;Bobina #20 Zn 0,95x1200mm;6.000,00;KG;6,86;23066;ARCELORMITTAL BRASIL S A;Em Aberto;24/07/2026;24/07/2026;109;Marcia - Compras;136;44-59-74 dias;;1.01.02.04.03.00002
73535;06/03/2026;1212;Viga I  Padrão Americana 4' 101,6 x 67,6 x 4,9 mm Primeira Alma 12 metros;8.000,00;KG;6,63;21759;GERDAU ACOS LONGOS S.A.;Em Aberto;14/04/2026;31/07/2026;109;Marcia - Compras;31;21/28/35;;1.01.03.01.01.00002
74264;14/04/2026;1212;Viga I  Padrão Americana 4' 101,6 x 67,6 x 4,9 mm Primeira Alma 12 metros;8.000,00;KG;6,63;21759;GERDAU ACOS LONGOS S.A.;Em Aberto;28/05/2026;31/07/2026;109;Marcia - Compras;31;21/28/35;;1.01.03.01.01.00002
75831;03/07/2026;1237;Chapa 1,98(#14)1250x3000mmInox(304) Bri;118;KG;36,36;22091;INOX DO BRASIL COMERCIO DE ACO LTDA;Em Aberto;15/07/2026;15/07/2026;109;Marcia - Compras;6;28 DIAS;;1.01.01.32.03.00003
75475;12/06/2026;1245;Tela Inox 430 espessura  2,5mm  Furo 23 mm;33;KG;45;22091;INOX DO BRASIL COMERCIO DE ACO LTDA;Em Aberto;09/07/2026;10/07/2026;109;Marcia - Compras;6;28 DIAS;;1.01.01.32.04.00003
75822;03/07/2026;1279;Chapa PU 50x415x3000mm;100;PC;126,72;21009;BULLTRADE INDUSTRIAL LTDA.;Em Aberto;14/07/2026;24/07/2026;109;Marcia - Compras;9;28/42 DIAS;;1.03.03.01.01.00008
74451;22/04/2026;1372;Rebite AlMc4,76x12,7 3/16x1/2CbLenCabeca Lentilha / Liga 1350........Com Ponta / Nao Oleado!............;500;KG;34;20476;GESIBRAS - IND. BRASILEIRA REBITES;Atendido Parcial;20/06/2026;20/06/2026;41;Gibson Ribeiro;14;30/45/60 DIAS;30/04/2026 - 13/05/2026;1.99.04.01.04.00001
75651;24/06/2026;1561;Porca Sext 3/16 UNC - Zinc;10;CT;2,8;22573;FUSOPAR PARAFUSOS LTDA-CXS;Em Aberto;21/08/2026;30/06/2026;41;Gibson Ribeiro;7;30 DIAS;;1.99.04.01.02.00001
76005;10/07/2026;1563;Porca Sext 5/16 UNC - Zinc;100;CT;5,7;22573;FUSOPAR PARAFUSOS LTDA-CXS;Em Aberto;28/07/2026;28/07/2026;55;Gabriel André Bertram;7;30 DIAS;;1.99.04.01.02.00003
75651;24/06/2026;1587;Arruela Pressao 5/8 - Media Polida;10;CT;13,1043;22573;FUSOPAR PARAFUSOS LTDA-CXS;Em Aberto;24/06/2026;30/06/2026;41;Gibson Ribeiro;7;30 DIAS;;1.99.04.01.03.00004
75520;15/06/2026;1592;Arruela Lisa 5/16 ZB #1,55mm D 21mm;20.000,00;PC;0,06;22963;LAERCIO DIMAS POLTRONIERI COM E REP.;Em Aberto;14/08/2026;14/08/2026;109;Marcia - Compras;6;28 DIAS;;1.99.04.01.03.00007
75940;09/07/2026;1599;Arruela Lisa 3/16 - Zinc - #1,25mm;1.000,00;PC;0,068;25169;DL FERRAGENS E FERRAMENTAS LTDA;Em Aberto;24/07/2026;24/07/2026;55;Gabriel André Bertram;6;28 DIAS;;1.04.03.01.01.00013
76013;10/07/2026;1736;Tinta Marfin Icarai;4;UN;280;23411;BETO AUTO TINTAS LTDA;Em Aberto;30/07/2026;30/07/2026;55;Gabriel André Bertram;9;28/42 DIAS;;1.06.01.01.04.00004
75755;30/06/2026;1768;Bobina #12 Zn 2,70x400mm Slitter;6.000,00;KG;6,9;24937;MALTA RIO INDUSTRIAL LTDA;Em Aberto;24/07/2026;24/07/2026;109;Marcia - Compras;45;30/45/60/75;;1.01.02.04.08.00001
75603;22/06/2026;1909;Thinner Sintetico (Economico) MP;200;L;15,45;23321;ANJO QUIMICA DO BRASIL LTDA;Em Aberto;17/07/2026;17/07/2026;41;Gibson Ribeiro;20;35 DIAS;;1.06.01.03.01.00001
75630;24/06/2026;1911;CO-SOLVENTE B-21 REF: BR 708;26;L;18,3522;20036;BRASCOLA LTDA.;Em Aberto;10/07/2026;10/07/2026;109;Marcia - Compras;6;28 DIAS;;1.06.01.03.01.00002
74407;17/04/2026;1951;Grampo 5/8 82x350mm(UNC)B;60;PC;17,26;23626;TERCILIO MARCHETTI IND E COM DE AUTOPECAS LTDA;Em Aberto;06/07/2026;10/07/2026;109;Marcia - Compras;26;28/56;;1.04.06.01.01.00007
75449;12/06/2026;1951;Grampo 5/8 82x350mm(UNC)B;72;PC;17,26;23626;TERCILIO MARCHETTI IND E COM DE AUTOPECAS LTDA;Em Aberto;07/10/2026;07/10/2026;109;Marcia - Compras;26;28/56;;1.04.06.01.01.00007
74407;17/04/2026;1953;Grampo 5/8 82x430mm(UNC)B;160;PC;19,83;23626;TERCILIO MARCHETTI IND E COM DE AUTOPECAS LTDA;Em Aberto;06/07/2026;10/07/2026;109;Marcia - Compras;26;28/56;;1.04.06.01.01.00010
75449;12/06/2026;1954;Grampo 5/8 82x450mm(UNC)B;144;PC;20,88;23626;TERCILIO MARCHETTI IND E COM DE AUTOPECAS LTDA;Em Aberto;07/10/2026;07/10/2026;109;Marcia - Compras;26;28/56;;1.04.06.01.01.00011
74037;31/03/2026;1957;Grampo 5/8 92x430mm(UNC)B;70;PC;20,54;23626;TERCILIO MARCHETTI IND E COM DE AUTOPECAS LTDA;Em Aberto;01/07/2026;10/07/2026;109;Marcia - Compras;26;28/56;;1.04.06.01.01.00017
74896;15/05/2026;1957;Grampo 5/8 92x430mm(UNC)B;72;PC;20,54;23626;TERCILIO MARCHETTI IND E COM DE AUTOPECAS LTDA;Em Aberto;11/08/2026;11/08/2026;109;Marcia - Compras;26;28/56;;1.04.06.01.01.00017
75449;12/06/2026;1958;Grampo 5/8 92x450mm(UNC)B;72;PC;21,37;23626;TERCILIO MARCHETTI IND E COM DE AUTOPECAS LTDA;Em Aberto;07/10/2026;07/10/2026;109;Marcia - Compras;26;28/56;;1.04.06.01.01.00018
75979;09/07/2026;1967;Grampo Instalacao IM00803;1.000,00;PC;2,07;20456;CUNHADOS COM. AUTO PECAS ELET.LTDA.;Em Aberto;07/08/2026;07/08/2026;109;Marcia - Compras;6;28 DIAS;;1.04.06.01.04.00003
75987;09/07/2026;1979;Cantoneira 4,76x50,80mm(3/16x2);1.000,00;KG;5,9;25014;PIRES DO RIO CIBRACO COMERCIO E INDUSTRIA DE FERRO E ACO LTD;Em Aberto;02/08/2026;02/08/2026;109;Marcia - Compras;30;28/35/42/49/56;;1.09.02.01.01.00012
75474;12/06/2026;1985;Barra Chata 3,18x15,88mm(1/8x5/8);100;KG;5,95;23066;ARCELORMITTAL BRASIL S A;Em Aberto;04/07/2026;10/07/2026;109;Marcia - Compras;136;44-59-74 dias;;1.09.03.01.01.00002
75455;12/06/2026;1988;Barra Chata 4,76x31,75mm(3/16x11/4);500;KG;5,9;25014;PIRES DO RIO CIBRACO COMERCIO E INDUSTRIA DE FERRO E ACO LTD;Em Aberto;12/07/2026;27/07/2026;109;Marcia - Compras;30;28/35/42/49/56;;1.09.03.01.02.00003
75472;12/06/2026;1989;Barra Chata 4,76x38,10mm(3/16x11/2);1.000,00;KG;5,9;25014;PIRES DO RIO CIBRACO COMERCIO E INDUSTRIA DE FERRO E ACO LTD;Em Aberto;10/07/2026;28/07/2026;109;Marcia - Compras;30;28/35/42/49/56;;1.09.03.01.02.00004
75587;19/06/2026;1996;Barra Chata 7,94x38,10mm(5/16x11/2);1.200,00;KG;5,9;25014;PIRES DO RIO CIBRACO COMERCIO E INDUSTRIA DE FERRO E ACO LTD;Em Aberto;16/07/2026;03/08/2026;109;Marcia - Compras;30;28/35/42/49/56;;1.09.03.01.04.00003
75997;10/07/2026;1998;Barra Chata 9,53x50,80mm(3/8x2);200;KG;1;23066;ARCELORMITTAL BRASIL S A;Em Aberto;10/08/2026;10/08/2026;109;Marcia - Compras;9;28/42 DIAS;;1.09.03.01.05.00003
75996;10/07/2026;2002;Barra Chata 12,70x50,80mm(1/2x2);400;KG;6,042;21772;GERDAU ACOS LONGOS S.A.;Em Aberto;01/08/2026;01/08/2026;109;Marcia - Compras;31;21/28/35;;1.09.03.01.06.00002
75639;24/06/2026;2005;Barra Chata 15,88x50,80mm(5/8x2);200;KG;5,95;23066;ARCELORMITTAL BRASIL S A;Em Aberto;10/07/2026;06/07/2026;109;Marcia - Compras;136;44-59-74 dias;;1.09.03.01.07.00002
75999;10/07/2026;2017;Barra Redonda Trefilada 25,40mm SAE 1020;300;KG;7,9;24736;DIFERRO ACOS ESPECIAIS LTDA.;Em Aberto;10/08/2026;10/08/2026;109;Marcia - Compras;11;28/35/42 DIAS;;1.09.03.03.01.00002
75482;12/06/2026;2023;Tb Aco Red 2,25x26,70x6000mmp/varao;3.567,00;KG;6,55;24132;NACIONAL TUBOS INDUSTRIAL LTDA;Em Aberto;08/08/2026;10/07/2026;109;Marcia - Compras;12;28/42/56 DIAS;;1.09.01.01.01.00003
75850;03/07/2026;2023;Tb Aco Red 2,25x26,70x6000mmp/varao;2.000,00;KG;6,55;24132;NACIONAL TUBOS INDUSTRIAL LTDA;Em Aberto;25/08/2026;25/08/2026;109;Marcia - Compras;12;28/42/56 DIAS;;1.09.01.01.01.00003
75956;09/07/2026;2031;Tb Aco Red 3,35 Diam Ext 76,20x6000mm Galv;18;KG;11,2;22223;CONTE DISTRIBUIDORA DE ACOS LTDA;Em Aberto;24/07/2026;24/07/2026;109;Marcia - Compras;12;28/42/56 DIAS;;1.09.01.01.02.00006
75849;03/07/2026;2056;Tubo Nylon 8x6 (8x1,0) Preto (Sem Trama);3.000,00;M;1,5;24841;PIVATO AUTO PARTS LTDA;Em Aberto;31/07/2026;31/07/2026;109;Marcia - Compras;12;28/42/56 DIAS;;1.09.01.02.01.00006
75849;03/07/2026;2057;Tubo Nylon 12x9 (12x1,5) Preto (Sem Trama);1.200,00;M;3,5;24841;PIVATO AUTO PARTS LTDA;Em Aberto;31/07/2026;31/07/2026;109;Marcia - Compras;12;28/42/56 DIAS;;1.09.01.02.01.00008
75291;03/06/2026;2064;Massa Vedacao Balde 20kg(Rev Ext);24;BD;656,43;20036;BRASCOLA LTDA.;Atendido Parcial;25/06/2026;10/07/2026;109;Marcia - Compras;6;28 DIAS;;1.06.01.04.01.00008
75473;12/06/2026;2064;Massa Vedacao Balde 20kg(Rev Ext);24;BD;656,43;20036;BRASCOLA LTDA.;Em Aberto;10/07/2026;24/07/2026;109;Marcia - Compras;6;28 DIAS;;1.06.01.04.01.00008
75550;17/06/2026;2064;Massa Vedacao Balde 20kg(Rev Ext);24;BD;656,43;20036;BRASCOLA LTDA.;Em Aberto;31/07/2026;31/07/2026;109;Marcia - Compras;6;28 DIAS;;1.06.01.04.01.00008
75551;17/06/2026;2064;Massa Vedacao Balde 20kg(Rev Ext);24;BD;656,43;20036;BRASCOLA LTDA.;Em Aberto;31/07/2026;05/08/2026;109;Marcia - Compras;6;28 DIAS;;1.06.01.04.01.00008
75603;22/06/2026;2080;Massa Plastica Super Light;200;PC;16,89;23321;ANJO QUIMICA DO BRASIL LTDA;Em Aberto;22/07/2026;22/07/2026;41;Gibson Ribeiro;20;35 DIAS;;1.06.01.04.03.00001
75631;24/06/2026;2096;BRASCOPLAST STANDARD Cod 200101;90;KG;35,03;20036;BRASCOLA LTDA.;Em Aberto;24/07/2026;24/07/2026;109;Marcia - Compras;6;28 DIAS;;1.99.04.01.07.00001
75826;03/07/2026;2357;Arame Solda MIG - 1,00mm;1.080,00;KG;7,4;25597;IMEBRA S.A.;Em Aberto;17/07/2026;17/07/2026;109;Marcia - Compras;14;30/45/60 DIAS;;1.14.01.01.01.00002
75827;03/07/2026;2358;Arame Solda MIG - 1,20mm;1.080,00;KG;7,25;25212;BLK DO BRASIL COMERCIAL IMPORTADORA E EXPORTADORA LTDA;Em Aberto;17/07/2026;17/07/2026;109;Marcia - Compras;14;30/45/60 DIAS;;1.14.01.01.01.00003
75955;09/07/2026;2358;Arame Solda MIG - 1,20mm;1.080,00;KG;7,25;25212;BLK DO BRASIL COMERCIAL IMPORTADORA E EXPORTADORA LTDA;Em Aberto;23/07/2026;23/07/2026;109;Marcia - Compras;14;30/45/60 DIAS;;1.14.01.01.01.00003
75644;24/06/2026;2382;Cadeado 30mm Latonado;200;PC;12,69;24346;STAM CENTRO DE DISTRIBUICAO;Em Aberto;22/07/2026;24/07/2026;109;Marcia - Compras;6;28 DIAS;;1.99.04.01.10.00001
75949;09/07/2026;2438;Manipulo M12 MTF-6040 FEMEA - 7555806;30;PC;15,5;20552;DIMAROL COM. E REPR. LTDA;Em Aberto;08/08/2026;08/08/2026;55;Gabriel André Bertram;6;28 DIAS;;1.15.03.01.01.00012
74950;19/05/2026;2442;Mola Gás 15kg (350/225);100;PC;68,49;21181;FABRICA NACIONAL DE AMORTECEDORES;Em Aberto;19/06/2026;19/06/2026;109;Marcia - Compras;6;28 DIAS;;1.15.04.01.01.00002
75686;26/06/2026;2446;COROTE DAGUA REF. M198-N - COMPLETO COR: PRETO;100;PC;50;37660;FORBAL IND. AUTOMOTIVE LTDA;Em Aberto;28/07/2026;28/07/2026;41;Gibson Ribeiro;12;28/42/56 DIAS;;1.07.03.01.01.00001
75689;26/06/2026;2448;Pino Rei 2' 8 Furos PRU005;12;PC;268,56;20531;JOST BRASIL - SISTEMAS AUTOMOTIVOS;Em Aberto;17/08/2026;17/08/2026;41;Gibson Ribeiro;9;28/42 DIAS;;1.20.01.01.01.00002
75689;26/06/2026;2449;Placa Suporte/Flange PR 2' 8 Furos PRU 006;30;PC;256,18;20531;JOST BRASIL - SISTEMAS AUTOMOTIVOS;Em Aberto;17/08/2026;17/08/2026;41;Gibson Ribeiro;9;28/42 DIAS;;1.20.01.01.01.00001
75812;03/07/2026;2458;Mangueira Montada (EXTRUSORA MASSA) (MN);1;PC;195;21691;BERTOLDI MANGUEIRAS E CONEXOES LTDA;Em Aberto;01/08/2026;10/07/2026;55;Gabriel André Bertram;6;28 DIAS;;4.01.07.11.02.00013
75812;03/07/2026;2458;Mangueira Montada (EXTRUSORA MASSA) (MN);1;PC;195;21691;BERTOLDI MANGUEIRAS E CONEXOES LTDA;Em Aberto;01/08/2026;10/07/2026;55;Gabriel André Bertram;6;28 DIAS;;4.01.07.11.02.00013
75812;03/07/2026;2458;Mangueira Montada (EXTRUSORA MASSA) (MN);1;PC;745;21691;BERTOLDI MANGUEIRAS E CONEXOES LTDA;Em Aberto;01/08/2026;10/07/2026;55;Gabriel André Bertram;6;28 DIAS;;4.01.07.11.02.00013
75812;03/07/2026;2458;Mangueira Montada (EXTRUSORA MASSA) (MN);1;PC;745;21691;BERTOLDI MANGUEIRAS E CONEXOES LTDA;Em Aberto;01/08/2026;10/07/2026;55;Gabriel André Bertram;6;28 DIAS;;4.01.07.11.02.00013
75574;19/06/2026;2527;(2) Oleo Diesel (empilhadeiras);2.000,00;L;6,99;21835;AUTO POSTO NASATO LTDA.;Atendido Parcial;31/07/2026;31/07/2026;206;Leonardo Pereira Falconeli Dos Santos;7;30 DIAS;22/06/2026;2.03.01.01.01.00001
75606;22/06/2026;2548;Ponta Fenda Cruzada PH2REF FG - 6772757;30;PC;5,1;24470;LF COMERCIAL DE BENS LTDA-ATACADO JOI;Atendido Parcial;22/06/2026;26/06/2026;41;Gibson Ribeiro;6;28 DIAS;;2.04.01.01.01.00002
75882;06/07/2026;2551;Broca 3,50 Aco Rapido Haste Normal Din 338 Tin Tw100;100;PC;6,04;21348;FERRAMENTAS GERAIS COM.IMPORT. S.A.;Em Aberto;14/07/2026;14/07/2026;55;Gabriel André Bertram;84;42 dias;;2.02.01.02.01.00013
75734;30/06/2026;2562;Broca 8,00 Aco Rapido Haste NormalRef 8162379;20;PC;15,55;20141;FERRAMENTAS GERAIS COMERCIO IMP DE FERRAM. E MAQUINAS LTDA;Em Aberto;09/07/2026;09/07/2026;55;Gabriel André Bertram;84;42 dias;;2.02.01.02.01.00041
75946;09/07/2026;2565;Broca 10,00 Aco Rapido Haste NormalRef 6317154;20;PC;28,52;24470;LF COMERCIAL DE BENS LTDA-ATACADO JOI;Em Aberto;09/07/2026;17/07/2026;55;Gabriel André Bertram;6;28 DIAS;;2.02.01.02.01.00046
75258;03/06/2026;2688;Trava Lingueta - PL;150;PC;21,56;24023;RDR METAIS INDUSTRIAIS LTDA;Em Aberto;18/07/2026;18/07/2026;41;Gibson Ribeiro;26;28/56;;1.12.06.01.01.00005
75765;01/07/2026;2688;Trava Lingueta - PL;150;PC;21,56;24023;RDR METAIS INDUSTRIAIS LTDA;Em Aberto;15/08/2026;15/08/2026;41;Gibson Ribeiro;26;28/56;;1.12.06.01.01.00005
75694;29/06/2026;2893;Luva Couro Punho 70mm - CA 38518;60;PC;14,2;21206;PRO-LUVAS IND.E COM.PROD.SEGURANCA;Em Aberto;06/07/2026;06/07/2026;55;Gabriel André Bertram;10;30/60 DIAS;;3.01.01.01.03.00001
75694;29/06/2026;2895;Luva Couro Punho Longo - CA 16549;60;PAR;16,5;21206;PRO-LUVAS IND.E COM.PROD.SEGURANCA;Em Aberto;06/07/2026;06/07/2026;55;Gabriel André Bertram;10;30/60 DIAS;;3.01.01.01.03.00003
75511;15/06/2026;4649;Bucha Fixacao S6;100;PC;0,365;25169;DL FERRAGENS E FERRAMENTAS LTDA;Em Aberto;19/06/2026;19/06/2026;55;Gabriel André Bertram;6;28 DIAS;;4.01.01.01.01.00002
75946;09/07/2026;5010;Lixa Ferro 225x275mm G-100Ref 6567568;25;PC;2,29;24470;LF COMERCIAL DE BENS LTDA-ATACADO JOI;Em Aberto;09/07/2026;17/07/2026;55;Gabriel André Bertram;6;28 DIAS;;2.01.01.01.08.00001
75740;30/06/2026;5269;Chapa 4,76(3/16'')1000x2250mm1008/10;4.000,00;KG;5,05;24937;MALTA RIO INDUSTRIAL LTDA;Em Aberto;17/07/2026;17/07/2026;109;Marcia - Compras;45;30/45/60/75;;1.01.01.04.01.00004
75237;02/06/2026;6227;Barra Sext Latao 12,70mm (1/2);10,7;KG;125;25479;BON BLU INDUSTRIA E COMERCIO LTDA;Em Aberto;08/06/2026;08/06/2026;109;Marcia - Compras;6;28 DIAS;;1.09.03.08.01.00002
75650;24/06/2026;6227;Barra Sext Latao 12,70mm (1/2);12;KG;125;25479;BON BLU INDUSTRIA E COMERCIO LTDA;Em Aberto;23/07/2026;23/07/2026;109;Marcia - Compras;6;28 DIAS;;1.09.03.08.01.00002
75247;02/06/2026;6332;Suporte Amarracao Redondo ASSREF - IR0900;100;PC;17,2;21130;ELETROMECA METALUR.CASAGRANDE LTDA.;Atendido Parcial;19/06/2026;25/06/2026;109;Marcia - Compras;6;28 DIAS;25/06/2026;1.12.08.02.01.00017
74981;20/05/2026;6717;Pino 16mm (engate rapido);150;PC;4,5;24359;FABRICA DAS CONEXOES INDUSTRIA E COMERCIO EIRELI;Em Aberto;10/07/2026;10/07/2026;109;Marcia - Compras;6;28 DIAS;;1.20.08.01.01.00013
75842;03/07/2026;6717;Pino 16mm (engate rapido);150;PC;4,5;24359;FABRICA DAS CONEXOES INDUSTRIA E COMERCIO EIRELI;Em Aberto;14/08/2026;14/08/2026;109;Marcia - Compras;6;28 DIAS;;1.20.08.01.01.00013
75737;30/06/2026;6884;TRENA 20mx3/8;5;PC;132,59;20141;FERRAMENTAS GERAIS COMERCIO IMP DE FERRAM. E MAQUINAS LTDA;Em Aberto;10/07/2026;10/07/2026;55;Gabriel André Bertram;84;42 dias;;3.03.01.01.01.00005
75654;24/06/2026;7331;Broca 5,20 Aco Rapido Haste Normal;50;PC;7,86;24470;LF COMERCIAL DE BENS LTDA-ATACADO JOI;Em Aberto;24/06/2026;24/06/2026;41;Gibson Ribeiro;6;28 DIAS;;2.02.01.02.01.00020
75658;25/06/2026;7390;Tubo Nylon 16x12 (16x2) (SEM TRAMA);200;M;6,3;24841;PIVATO AUTO PARTS LTDA;Em Aberto;24/07/2026;24/07/2026;109;Marcia - Compras;12;28/42/56 DIAS;;1.09.01.02.01.00010
75981;09/07/2026;7600;Pino Engate Varao - Pino Articulacao Lingueta - MARCOPOLO - 50316464;10;PC;3,46;24341;MARCOPOLO S/A;Em Aberto;14/08/2026;14/08/2026;109;Marcia - Compras;10;30/60 DIAS;;1.15.05.01.01.00006
75913;08/07/2026;7942;Paraf Sext 5/16x4 UNC ZB (Rosca Parcial);6;CT;108,3;25226;COREMMA LTDA;Em Aberto;28/07/2026;28/07/2026;55;Gabriel André Bertram;28;28/56/84 DIAS;;1.99.04.01.01.00040
75908;08/07/2026;7952;Estopas;120;KG;4,75;25072;CR ESTOPARIA LTDA;Em Aberto;15/07/2026;15/07/2026;55;Gabriel André Bertram;84;42 dias;;3.02.01.01.01.00001
75829;03/07/2026;8039;Rebite Estr Aco LOCK 6,4x18,5 CbAblREF ORBRASIL - L64185P;2;MIL;1.519,94;20819;OR-BRASIL COM. IMP E EXPORTDORA LTDA;Em Aberto;15/07/2026;15/07/2026;55;Gabriel André Bertram;10;30/60 DIAS;;1.04.04.02.02.00025
75499;15/06/2026;8048;Rebite Prego Aco 4,8x25,0mm REF - S-525;2.000,00;PC;0,154;25169;DL FERRAGENS E FERRAMENTAS LTDA;Em Aberto;14/08/2026;14/08/2026;55;Gabriel André Bertram;6;28 DIAS;;1.99.04.01.04.00010
75869;06/07/2026;8048;Rebite Prego Aco 4,8x25,0mm REF - S-525;16;CX;77,25;25169;DL FERRAGENS E FERRAMENTAS LTDA;Em Aberto;15/07/2026;15/07/2026;55;Gabriel André Bertram;6;28 DIAS;;1.99.04.01.04.00010
75983;09/07/2026;8130;Paraf Frances 5/16x3/4 - Zinc;20;CT;27,73;25226;COREMMA LTDA;Em Aberto;04/09/2026;04/09/2026;55;Gabriel André Bertram;28;28/56/84 DIAS;;1.99.04.01.01.00042
75694;29/06/2026;8201;Luva Couro Curta S/Dedos - CA 38515;80;PAR;18,9;21206;PRO-LUVAS IND.E COM.PROD.SEGURANCA;Em Aberto;06/07/2026;06/07/2026;55;Gabriel André Bertram;10;30/60 DIAS;;3.01.01.01.03.00004
75654;24/06/2026;8204;Estilete Largo 18,0 mm;20;PC;27,85;24470;LF COMERCIAL DE BENS LTDA-ATACADO JOI;Em Aberto;24/06/2026;24/06/2026;41;Gibson Ribeiro;6;28 DIAS;;2.02.01.01.07.00002
75613;23/06/2026;8255;Lingueta PL (Bruta);350;PC;29,78;24023;RDR METAIS INDUSTRIAIS LTDA;Em Aberto;07/08/2026;07/08/2026;41;Gibson Ribeiro;26;28/56;;1.12.06.02.01.00002
75902;08/07/2026;8256;Guia Lingueta - PL;200;PC;39,1;24023;RDR METAIS INDUSTRIAIS LTDA;Em Aberto;22/08/2026;22/08/2026;41;Gibson Ribeiro;26;28/56;;1.12.06.02.01.00003
75946;09/07/2026;8263;Lamina Estilete Larg 18mmRef 6754040;10;JG;4,08;24470;LF COMERCIAL DE BENS LTDA-ATACADO JOI;Em Aberto;09/07/2026;17/07/2026;55;Gabriel André Bertram;6;28 DIAS;;2.02.01.01.07.00001
75516;15/06/2026;8565;Batente Porta Cadeado - PT;400;PC;31,51;24023;RDR METAIS INDUSTRIAIS LTDA;Em Aberto;30/07/2026;30/07/2026;41;Gibson Ribeiro;26;28/56;;1.12.04.01.01.00005
75125;28/05/2026;8609;Calca Masculina Nr 38;40;PC;62,9;23358;KELLEN UNIFORMES LTDA;Em Aberto;12/07/2026;12/07/2026;55;Gabriel André Bertram;39;30/60/90;;3.01.01.01.11.00002
75125;28/05/2026;8610;Calca Masculina Nr 40;20;PC;62,9;23358;KELLEN UNIFORMES LTDA;Em Aberto;12/07/2026;12/07/2026;55;Gabriel André Bertram;39;30/60/90;;3.01.01.01.11.00003
75125;28/05/2026;8611;Calca Masculina Nr 42;20;PC;62,9;23358;KELLEN UNIFORMES LTDA;Em Aberto;12/07/2026;12/07/2026;55;Gabriel André Bertram;39;30/60/90;;3.01.01.01.11.00004
75125;28/05/2026;8612;Calca Masculina Nr 44;40;PC;62,9;23358;KELLEN UNIFORMES LTDA;Em Aberto;12/07/2026;12/07/2026;55;Gabriel André Bertram;39;30/60/90;;3.01.01.01.11.00005
75125;28/05/2026;8613;Calca Masculina Nr 46;30;PC;62,9;23358;KELLEN UNIFORMES LTDA;Em Aberto;12/07/2026;12/07/2026;55;Gabriel André Bertram;39;30/60/90;;3.01.01.01.11.00006
75922;08/07/2026;8693;Sapato Seguranca Bico PVC NR 40;1;PAR;82;23678;EQUIPAR PROTECAO INDIVIDUAL LTDA;Em Aberto;10/07/2026;10/07/2026;55;Gabriel André Bertram;6;28 DIAS;;3.01.01.01.01.00010
75915;08/07/2026;8757;Pino Elastico 6x60mm;30;PC;1,14;20071;COMERCIO PARAF. FERR. BERTOLDI LTDA;Em Aberto;15/07/2026;15/07/2026;206;Leonardo Pereira Falconeli Dos Santos;6;28 DIAS;;4.01.01.02.02.00009
75743;30/06/2026;8831;Chapa 4,76(3/16'')1000x4000mm1008/10;8.000,00;KG;5,05;24937;MALTA RIO INDUSTRIAL LTDA;Em Aberto;10/07/2026;10/07/2026;109;Marcia - Compras;45;30/45/60/75;;1.01.01.04.01.00001
75611;23/06/2026;8926;Trinco Interno PL (Macaneta);400;PC;18,32;24023;RDR METAIS INDUSTRIAIS LTDA;Em Aberto;07/08/2026;07/08/2026;41;Gibson Ribeiro;26;28/56;;1.12.06.02.01.00001
75211;01/06/2026;8930;Perfil Al PT - 5040mm 4,030kg/pc ( 6124420);100;PC;132,95;21594;COMPANHIA BRASILEIRA DE ALUMINIO;Em Aberto;16/07/2026;16/07/2026;104;Jonas Linshalm;2;7 DIAS;;1.02.03.01.02.00019
75787;01/07/2026;8930;Perfil Al PT - 5040mm 4,030kg/pc ( 6124420);100;PC;132,95;21594;COMPANHIA BRASILEIRA DE ALUMINIO;Em Aberto;10/08/2026;10/08/2026;104;Jonas Linshalm;2;7 DIAS;;1.02.03.01.02.00019
74848;15/05/2026;9105;Tinta PU Aluminio - WEGTHANE HPD 853 - Ref:13563672;45;LT;832,95;23573;WEG TINTAS LTDA;Em Aberto;16/07/2026;16/07/2026;104;Jonas Linshalm;6;28 DIAS;;1.06.01.01.02.00002
74851;15/05/2026;9105;Tinta PU Aluminio - WEGTHANE HPD 853 - Ref:13563672;45;LT;832,95;23573;WEG TINTAS LTDA;Em Aberto;03/08/2026;03/08/2026;104;Jonas Linshalm;6;28 DIAS;;1.06.01.01.02.00002
74854;15/05/2026;9105;Tinta PU Aluminio - WEGTHANE HPD 853 - Ref:13563672;45;LT;832,95;23573;WEG TINTAS LTDA;Em Aberto;17/08/2026;17/08/2026;104;Jonas Linshalm;6;28 DIAS;;1.06.01.01.02.00002
74856;15/05/2026;9105;Tinta PU Aluminio - WEGTHANE HPD 853 - Ref:13563672;45;LT;832,95;23573;WEG TINTAS LTDA;Em Aberto;24/08/2026;24/08/2026;104;Jonas Linshalm;6;28 DIAS;;1.06.01.01.02.00002
74858;15/05/2026;9105;Tinta PU Aluminio - WEGTHANE HPD 853 - Ref:13563672;45;LT;832,95;23573;WEG TINTAS LTDA;Em Aberto;31/08/2026;31/08/2026;104;Jonas Linshalm;6;28 DIAS;;1.06.01.01.02.00002
74848;15/05/2026;9106;Catalisador WEGTHANE 5031 REF:12769426;45;LT;179,64;23573;WEG TINTAS LTDA;Em Aberto;16/07/2026;16/07/2026;104;Jonas Linshalm;6;28 DIAS;;1.06.01.03.02.00004
74851;15/05/2026;9106;Catalisador WEGTHANE 5031 REF:12769426;45;LT;179,64;23573;WEG TINTAS LTDA;Em Aberto;03/08/2026;03/08/2026;104;Jonas Linshalm;6;28 DIAS;;1.06.01.03.02.00004
74854;15/05/2026;9106;Catalisador WEGTHANE 5031 REF:12769426;45;LT;179,64;23573;WEG TINTAS LTDA;Em Aberto;17/08/2026;17/08/2026;104;Jonas Linshalm;6;28 DIAS;;1.06.01.03.02.00004
74856;15/05/2026;9106;Catalisador WEGTHANE 5031 REF:12769426;45;LT;179,64;23573;WEG TINTAS LTDA;Em Aberto;24/08/2026;24/08/2026;104;Jonas Linshalm;6;28 DIAS;;1.06.01.03.02.00004
74858;15/05/2026;9106;Catalisador WEGTHANE 5031 REF:12769426;45;LT;179,64;23573;WEG TINTAS LTDA;Em Aberto;31/08/2026;31/08/2026;104;Jonas Linshalm;6;28 DIAS;;1.06.01.03.02.00004
75651;24/06/2026;9158;Paraf Sext 5/8x1.1/2 UNC-Zinc;10;CT;90;22573;FUSOPAR PARAFUSOS LTDA-CXS;Em Aberto;07/08/2026;30/06/2026;41;Gibson Ribeiro;7;30 DIAS;;1.99.04.01.01.00046
75470;12/06/2026;9170;Valvula Dreno M22x1,50 (ALUMINIO)DRENO MANUAL - REF SBU 219322C;100;PC;13,56;24159;BRASFIT INDUSTRIA E COMERCIO LTDA;Em Aberto;10/07/2026;10/07/2026;109;Marcia - Compras;26;28/56;;1.20.07.01.01.00010
75965;09/07/2026;9170;Valvula Dreno M22x1,50 (ALUMINIO)DRENO MANUAL - REF SBU 219322C;100;PC;13,56;24159;BRASFIT INDUSTRIA E COMERCIO LTDA;Em Aberto;07/08/2026;07/08/2026;109;Marcia - Compras;26;28/56;;1.20.07.01.01.00010
75387;10/06/2026;9251;Ponta Varao PT - D;500;PC;16,2;24023;RDR METAIS INDUSTRIAIS LTDA;Em Aberto;25/07/2026;25/07/2026;41;Gibson Ribeiro;26;28/56;;1.12.06.01.01.00006
75387;10/06/2026;9252;Ponta Varao PT - E;500;PC;16,2;24023;RDR METAIS INDUSTRIAIS LTDA;Em Aberto;25/07/2026;25/07/2026;41;Gibson Ribeiro;26;28/56;;1.12.06.01.01.00007
75613;23/06/2026;9279;Batente Trava Varao PT BRUTO - D;300;PC;21,26;24023;RDR METAIS INDUSTRIAIS LTDA;Em Aberto;07/08/2026;07/08/2026;41;Gibson Ribeiro;26;28/56;;1.12.04.01.01.00006
75795;02/07/2026;9279;Batente Trava Varao PT BRUTO - D;300;PC;21,94;24023;RDR METAIS INDUSTRIAIS LTDA;Em Aberto;16/08/2026;16/08/2026;41;Gibson Ribeiro;26;28/56;;1.12.04.01.01.00006
75613;23/06/2026;9280;Batente Trava Varao PT BRUTO - E;300;PC;21,26;24023;RDR METAIS INDUSTRIAIS LTDA;Em Aberto;07/08/2026;07/08/2026;41;Gibson Ribeiro;26;28/56;;1.12.04.01.01.00007
75687;26/06/2026;9533;Thinner PU (Premium) MP;400;L;18,538;23321;ANJO QUIMICA DO BRASIL LTDA;Em Aberto;23/07/2026;23/07/2026;41;Gibson Ribeiro;20;35 DIAS;;1.06.01.03.01.00003
75901;08/07/2026;9533;Thinner PU (Premium) MP;400;L;18,538;23321;ANJO QUIMICA DO BRASIL LTDA;Em Aberto;07/08/2026;07/08/2026;41;Gibson Ribeiro;20;35 DIAS;;1.06.01.03.01.00003
75739;30/06/2026;9611;Chapa 4,76(3/16'')1200x2500mm1008/10;7.000,00;KG;4,95;24937;MALTA RIO INDUSTRIAL LTDA;Em Aberto;23/07/2026;23/07/2026;109;Marcia - Compras;45;30/45/60/75;;1.01.01.04.01.00002
75741;30/06/2026;9612;Chapa 4,76(3/16'')1200x2600mm1008/10;20.000,00;KG;4,95;24937;MALTA RIO INDUSTRIAL LTDA;Em Aberto;24/07/2026;24/07/2026;109;Marcia - Compras;45;30/45/60/75;;1.01.01.04.01.00006
75742;30/06/2026;9612;Chapa 4,76(3/16'')1200x2600mm1008/10;10.000,00;KG;4,95;24937;MALTA RIO INDUSTRIAL LTDA;Em Aberto;31/07/2026;31/07/2026;109;Marcia - Compras;45;30/45/60/75;;1.01.01.04.01.00006
75164;29/05/2026;9637;Roldana Ref 256056;2;PC;144,12;20278;REITZ INDUSTRIA MECANICA LTDA.;Atendido Parcial;30/06/2026;31/07/2026;55;Gabriel André Bertram;12;28/42/56 DIAS;11/06/2026;4.01.07.06.01.00002
74149;08/04/2026;9662;Modulo Estamparia Serie MB 10-150;10;PC;1.967,40;22367;METALURGICA VARZEA PAULISTA S/A;Em Aberto;30/04/2026;02/07/2026;55;Gabriel André Bertram;82;15 dias;;4.02.03.01.01.00036
74726;08/05/2026;9896;Grampo 5/8 82x410mm(UNC)B;72;PC;19,82;23626;TERCILIO MARCHETTI IND E COM DE AUTOPECAS LTDA;Em Aberto;20/07/2026;08/08/2026;109;Marcia - Compras;26;28/56;;1.04.06.01.01.00009
75832;03/07/2026;10168;Mang Montada PHD 110x850(Flexivel de Freio);300;PC;29,95;23768;PORTO SOLUCOES INDUSTRIAIS LTDA ;Em Aberto;17/07/2026;17/07/2026;109;Marcia - Compras;26;28/56;;1.20.08.01.01.00015
74954;19/05/2026;10189;Faixa Refletiva Auto-Adesiva Ref.CA010582A- Dir;4.000,00;PC;1,96;22927;CHALLENGER DA AMAZONIA IND DE PECAS P/ VEICULOS AUT. LTDA;Em Aberto;10/07/2026;10/07/2026;109;Marcia - Compras;28;28/56/84 DIAS;;1.10.02.03.01.00001
75861;03/07/2026;10189;Faixa Refletiva Auto-Adesiva Ref.CA010582A- Dir;4.000,00;PC;1,96;22927;CHALLENGER DA AMAZONIA IND DE PECAS P/ VEICULOS AUT. LTDA;Em Aberto;07/08/2026;07/08/2026;109;Marcia - Compras;28;28/56/84 DIAS;;1.10.02.03.01.00001
75557;18/06/2026;10288;Tubo Uniao (quadrado) 1260mm -SR -JOST- AL00049J01;80;PC;65,05;20531;JOST BRASIL - SISTEMAS AUTOMOTIVOS;Atendido Parcial;07/08/2026;07/08/2026;41;Gibson Ribeiro;9;28/42 DIAS;02/07/2026;1.20.01.01.01.00006
75734;30/06/2026;10781;Serra Copo 25mm;5;PC;29,65;20141;FERRAMENTAS GERAIS COMERCIO IMP DE FERRAM. E MAQUINAS LTDA;Em Aberto;09/07/2026;09/07/2026;55;Gabriel André Bertram;84;42 dias;;2.02.01.01.05.00005
75883;06/07/2026;10819;Fixador Auto-Adesivo SAF-2;50;CT;123,59;20141;FERRAMENTAS GERAIS COMERCIO IMP DE FERRAM. E MAQUINAS LTDA;Em Aberto;24/10/2026;24/10/2026;55;Gabriel André Bertram;84;42 dias;;1.99.04.01.05.00002
75950;09/07/2026;10861;Guia Espiral Vermelha 5m 124-0035;5;PC;79,9;20821;BLU SOLDAS FERRAMENTAS  LTDA.;Em Aberto;23/07/2026;23/07/2026;55;Gabriel André Bertram;28;28/56/84 DIAS;;4.01.09.01.04.00010
75733;30/06/2026;10955;Abracadeira Plast 203mm Ref 6582354;100;CT;19,88;20141;FERRAMENTAS GERAIS COMERCIO IMP DE FERRAM. E MAQUINAS LTDA;Em Aberto;17/09/2026;17/09/2026;55;Gabriel André Bertram;84;42 dias;;1.99.04.01.06.00001
75984;09/07/2026;11199;Porca Roda MB M22x1,5 CH32 REF COREMMA - 630.01.007-2 C/ ARRUELA OSCILAVEL;50;PC;5,8;25226;COREMMA LTDA;Em Aberto;24/07/2026;24/07/2026;55;Gabriel André Bertram;28;28/56/84 DIAS;;1.04.02.01.03.00015
75787;01/07/2026;14564;Bobina Al Natural 0,90x1100mm;6.816,00;KG;35,3;21594;COMPANHIA BRASILEIRA DE ALUMINIO;Em Aberto;10/08/2026;10/08/2026;104;Jonas Linshalm;2;7 DIAS;;1.02.02.01.04.00006
75789;01/07/2026;14565;Bobina Al Natural 0,90x1250mm;7.500,00;KG;34,97;21594;COMPANHIA BRASILEIRA DE ALUMINIO;Em Aberto;20/08/2026;20/08/2026;104;Jonas Linshalm;2;7 DIAS;;1.02.02.01.04.00007
75608;23/06/2026;15973;Trena 10m x 3/4';10;PC;65,53;20141;FERRAMENTAS GERAIS COMERCIO IMP DE FERRAM. E MAQUINAS LTDA;Em Aberto;23/06/2026;23/06/2026;41;Gibson Ribeiro;84;42 dias;;3.03.01.01.01.00006
75923;08/07/2026;15987;Paraf Sext Autobroc 12x1' - C/Vedação EPDM RI RU REF CISER:31575087;40;CT;26,92;21019;CISER CIA.INDUST.H.CARLOS SCHNEIDER;Em Aberto;06/10/2026;06/10/2026;55;Gabriel André Bertram;39;30/60/90;;1.99.04.01.01.00053
74266;14/04/2026;17847;Barra Chata 7,94x101,60mm(5/16x4);2.040,00;KG;5,8999;21759;GERDAU ACOS LONGOS S.A.;Em Aberto;28/05/2026;31/07/2026;109;Marcia - Compras;31;21/28/35;;1.09.03.01.04.00006
75857;03/07/2026;17947;Mola 300mm ZB Esp 64mm Fio 2,8 PCH;240;PC;14,47;29148;INDUSTRIA E COM. MOLAS BRUSQUE LTDA;Em Aberto;24/07/2026;24/07/2026;109;Marcia - Compras;20;35 DIAS;;1.12.06.03.01.00004
75933;09/07/2026;18672;Lona Lateral Sider S/ Plotagem - Lado Direito;15,407;M;164;24400;FIX IMPLEMENTOS RODOVIARIOS COMERCIO E SERVICOS LTDA;Em Aberto;17/08/2026;17/08/2026;104;Jonas Linshalm;7;30 DIAS;;1.10.04.01.01.00001
75934;09/07/2026;18672;Lona Lateral Sider S/ Plotagem - Lado Direito;30,814;M;164;24400;FIX IMPLEMENTOS RODOVIARIOS COMERCIO E SERVICOS LTDA;Em Aberto;08/09/2026;08/09/2026;104;Jonas Linshalm;7;30 DIAS;;1.10.04.01.01.00001
75933;09/07/2026;18673;Lona Lateral Sider S/ Plotagem - Lado Esquerdo;15,407;M;164;24400;FIX IMPLEMENTOS RODOVIARIOS COMERCIO E SERVICOS LTDA;Em Aberto;17/08/2026;17/08/2026;104;Jonas Linshalm;7;30 DIAS;;1.10.04.01.01.00002
75934;09/07/2026;18673;Lona Lateral Sider S/ Plotagem - Lado Esquerdo;30,814;M;164;24400;FIX IMPLEMENTOS RODOVIARIOS COMERCIO E SERVICOS LTDA;Em Aberto;08/09/2026;08/09/2026;104;Jonas Linshalm;7;30 DIAS;;1.10.04.01.01.00002
75848;03/07/2026;18674;Rodizio Cod SID/R - SDR;100;PC;5,06;24064;PLASTINOBRE IND. E COM. DE IMPLEMENTOS PLASTICOS LTDA;Em Aberto;31/07/2026;31/07/2026;55;Gabriel André Bertram;53;OUTROS;;1.12.08.02.01.00025
75304;03/06/2026;18708;Cola Comp MARCA PUR BOND HB 712;30;UN;82,9;37758;CARMEM TAMANINI BEBER COMERCIAL ME;Em Aberto;24/07/2026;24/07/2026;109;Marcia - Compras;6;28 DIAS;;1.99.04.01.07.00004
75974;09/07/2026;18762;Tb Aco Red 2,00x14,00x3000mm;100;KG;23,87;25013;METALMOTIVA COMERCIAL E DISTRIBUIDORA LTDA;Em Aberto;15/10/2026;15/10/2026;109;Marcia - Compras;10;30/60 DIAS;;1.09.01.01.01.00014
75211;01/06/2026;19076;Perfil Al E1461 - Comp. 2935mm SKU CBA: 6203516;200;PC;72,47;21594;COMPANHIA BRASILEIRA DE ALUMINIO;Em Aberto;16/07/2026;16/07/2026;104;Jonas Linshalm;2;7 DIAS;;1.02.03.01.03.00009
75787;01/07/2026;19076;Perfil Al E1461 - Comp. 2935mm SKU CBA: 6203516;200;PC;72,47;21594;COMPANHIA BRASILEIRA DE ALUMINIO;Em Aberto;10/08/2026;10/08/2026;104;Jonas Linshalm;2;7 DIAS;;1.02.03.01.03.00009
75753;30/06/2026;19301;Chapa 12 Zn 2,70x1200x2550mm;1.000,00;KG;6,9;24937;MALTA RIO INDUSTRIAL LTDA;Em Aberto;31/07/2026;31/07/2026;109;Marcia - Compras;45;30/45/60/75;;1.01.01.30.03.00005
75908;08/07/2026;19434;Estopas - Brancas;100;KG;10,5;25072;CR ESTOPARIA LTDA;Em Aberto;15/07/2026;15/07/2026;55;Gabriel André Bertram;84;42 dias;;3.02.01.01.01.00005
75029;25/05/2026;19932;Lona Lateral Sider C/ Plotagem - Lado Direito;12,442;M;159,33;24400;FIX IMPLEMENTOS RODOVIARIOS COMERCIO E SERVICOS LTDA;Em Aberto;08/07/2026;08/07/2026;104;Jonas Linshalm;7;30 DIAS;;1.10.04.01.01.00003
75030;25/05/2026;19932;Lona Lateral Sider C/ Plotagem - Lado Direito;13,392;M;159,33;24400;FIX IMPLEMENTOS RODOVIARIOS COMERCIO E SERVICOS LTDA;Em Aberto;08/07/2026;08/07/2026;104;Jonas Linshalm;7;30 DIAS;;1.10.04.01.01.00003
75553;17/06/2026;19932;Lona Lateral Sider C/ Plotagem - Lado Direito;6,384;M;159,33;24400;FIX IMPLEMENTOS RODOVIARIOS COMERCIO E SERVICOS LTDA;Em Aberto;07/07/2026;07/07/2026;104;Jonas Linshalm;7;30 DIAS;;1.10.04.01.01.00003
75904;08/07/2026;19932;Lona Lateral Sider C/ Plotagem - Lado Direito;11,454;M;164;24400;FIX IMPLEMENTOS RODOVIARIOS COMERCIO E SERVICOS LTDA;Em Aberto;31/07/2026;31/07/2026;104;Jonas Linshalm;7;30 DIAS;;1.10.04.01.01.00003
75029;25/05/2026;19933;Lona Lateral Sider C/ Plotagem - Lado Esquerdo;12,442;M;159,33;24400;FIX IMPLEMENTOS RODOVIARIOS COMERCIO E SERVICOS LTDA;Em Aberto;08/07/2026;08/07/2026;104;Jonas Linshalm;7;30 DIAS;;1.10.04.01.01.00004
75030;25/05/2026;19933;Lona Lateral Sider C/ Plotagem - Lado Esquerdo;13,392;M;159,33;24400;FIX IMPLEMENTOS RODOVIARIOS COMERCIO E SERVICOS LTDA;Em Aberto;08/07/2026;08/07/2026;104;Jonas Linshalm;7;30 DIAS;;1.10.04.01.01.00004
75553;17/06/2026;19933;Lona Lateral Sider C/ Plotagem - Lado Esquerdo;6,384;M;159,33;24400;FIX IMPLEMENTOS RODOVIARIOS COMERCIO E SERVICOS LTDA;Em Aberto;07/07/2026;07/07/2026;104;Jonas Linshalm;7;30 DIAS;;1.10.04.01.01.00004
75904;08/07/2026;19933;Lona Lateral Sider C/ Plotagem - Lado Esquerdo;11,454;M;164;24400;FIX IMPLEMENTOS RODOVIARIOS COMERCIO E SERVICOS LTDA;Em Aberto;31/07/2026;31/07/2026;104;Jonas Linshalm;7;30 DIAS;;1.10.04.01.01.00004
75980;09/07/2026;20647;Catraca Fixa - CFT 50 - SDR Capacidade 2700kg;200;PC;32;21603;JUPAR INDUSTRIA E COMERCIO LTDA;Em Aberto;21/08/2026;21/08/2026;109;Marcia - Compras;26;28/56;;1.12.08.02.01.00036
75862;03/07/2026;20667;Meia Argola Trava  MA 51mm x 6,00mm NIQUELADA;1.000,00;PC;1,193;21603;JUPAR INDUSTRIA E COMERCIO LTDA;Em Aberto;14/08/2026;14/08/2026;109;Marcia - Compras;26;28/56;;1.04.07.03.01.00004
75586;19/06/2026;21013;Faixa Refletiva P-Choque 100X2100mm;30;PC;31;22927;CHALLENGER DA AMAZONIA IND DE PECAS P/ VEICULOS AUT. LTDA;Em Aberto;06/07/2026;06/07/2026;109;Marcia - Compras;28;28/56/84 DIAS;;1.10.02.03.01.00004
75463;12/06/2026;21057;Anel Espacador - Para-Choque - PCH;1.000,00;PC;4,52;22282;METALURGICA FERRARI LTDA;Em Aberto;11/07/2026;17/07/2026;109;Marcia - Compras;9;28/42 DIAS;;1.19.01.03.01.00016
75526;17/06/2026;21369;CJ AP LEVANTE B280G 752 C/ EXTREF JOST - AL00467J01;1;CJ;2.298,64;20531;JOST BRASIL - SISTEMAS AUTOMOTIVOS;Em Aberto;16/07/2026;16/07/2026;41;Gibson Ribeiro;9;28/42 DIAS;;1.20.01.01.01.00024
76005;10/07/2026;21381;Porca Sext Autotr 5/16 UNC;40;CT;8,04;22573;FUSOPAR PARAFUSOS LTDA-CXS;Em Aberto;05/11/2026;05/11/2026;55;Gabriel André Bertram;7;30 DIAS;;1.99.04.01.02.00016
75746;30/06/2026;22656;Chapa 3,35(#10)1200x2280mm 1008/10;2.000,00;KG;5,1;24937;MALTA RIO INDUSTRIAL LTDA;Em Aberto;10/07/2026;10/07/2026;109;Marcia - Compras;45;30/45/60/75;;1.01.01.08.01.00006
75649;24/06/2026;24026;Barra Chata 3,18x38,10mm(1/8x11/2);500;KG;5,95;23066;ARCELORMITTAL BRASIL S A;Em Aberto;22/07/2026;17/07/2026;109;Marcia - Compras;136;44-59-74 dias;;1.09.03.01.01.00004
75830;03/07/2026;24181;Adesivo Reactite EP-940;50;KG;36,39;21305;COM.E REPRESENTACOES GROSSL LTDA.;Em Aberto;14/07/2026;14/07/2026;109;Marcia - Compras;6;28 DIAS;;1.06.01.05.01.00016
75858;03/07/2026;24843;Cantoneira 12,7x127,00mm(1/2x5);1.000,00;KG;6,6;25014;PIRES DO RIO CIBRACO COMERCIO E INDUSTRIA DE FERRO E ACO LTD;Em Aberto;26/07/2026;26/07/2026;109;Marcia - Compras;30;28/35/42/49/56;;1.09.02.01.01.00031
75964;09/07/2026;25175;Elos - Esteira Porta Cabos - BTD1m = 22 elos / Elos tipo 35x75REF. IGUS - 200.05.075.0;100;PC;13,25;22152;IGUS DO BRASIL LTDA;Em Aberto;07/08/2026;07/08/2026;109;Marcia - Compras;32;28/35;;1.20.03.01.01.00045
75964;09/07/2026;25176;Terminal Fixacao Esteira - BTD1 CJ = 2pcs / REF IGUS - 2050.34PZB;10;CJ;92,93;22152;IGUS DO BRASIL LTDA;Em Aberto;07/08/2026;07/08/2026;109;Marcia - Compras;32;28/35;;1.20.03.01.01.00046
75964;09/07/2026;25177;Separador Vertical Esteira - BTDQtd - metade da qtd de elos.REF IGUS - 211;40;PC;4,19;22152;IGUS DO BRASIL LTDA;Em Aberto;07/08/2026;07/08/2026;109;Marcia - Compras;32;28/35;;1.20.03.01.01.00047
75285;03/06/2026;25289;Base Sup USIN F - 5aR BTD;16;PC;421,08;21623;HASPER MOLDES E MATRIZES LTDA;Em Aberto;19/06/2026;20/07/2026;109;Marcia - Compras;107;21/42;;5.20.07.01.01.00014
75285;03/06/2026;25290;Base Inf USIN R - 5aR BTD;16;PC;619,52;21623;HASPER MOLDES E MATRIZES LTDA;Em Aberto;19/06/2026;20/07/2026;109;Marcia - Compras;107;21/42;;5.20.07.01.01.00015
75285;03/06/2026;25291;Calco Central USIN F - 5aR BTD;16;PC;120,6;21623;HASPER MOLDES E MATRIZES LTDA;Em Aberto;19/06/2026;20/07/2026;109;Marcia - Compras;107;21/42;;5.20.07.01.01.00016
75285;03/06/2026;25292;Calco 'S' USIN F - 5aR BTD;32;PC;60,98;21623;HASPER MOLDES E MATRIZES LTDA;Em Aberto;19/06/2026;20/07/2026;109;Marcia - Compras;107;21/42;;5.20.07.01.01.00017
75285;03/06/2026;25293;Calco 'L' USIN F - 5aR BTD;32;PC;60,98;21623;HASPER MOLDES E MATRIZES LTDA;Em Aberto;19/06/2026;20/07/2026;109;Marcia - Compras;107;21/42;;5.20.07.01.01.00018
75658;25/06/2026;26159;Tubo Nylon 8x6 (8x1)Tubo Nylon 8x6 (8x1)(AZUL);1.000,00;M;1,7;24841;PIVATO AUTO PARTS LTDA;Em Aberto;24/07/2026;24/07/2026;109;Marcia - Compras;12;28/42/56 DIAS;;1.09.01.02.01.00012
75849;03/07/2026;26159;Tubo Nylon 8x6 (8x1)Tubo Nylon 8x6 (8x1)(AZUL);1.200,00;M;1,7;24841;PIVATO AUTO PARTS LTDA;Em Aberto;31/07/2026;31/07/2026;109;Marcia - Compras;12;28/42/56 DIAS;;1.09.01.02.01.00012
75748;30/06/2026;28012;Chapa 6,35(1/4'')1200x2600mm A36;3.000,00;KG;4,95;24937;MALTA RIO INDUSTRIAL LTDA;Em Aberto;31/07/2026;31/07/2026;109;Marcia - Compras;45;30/45/60/75;;1.01.01.03.01.00004
75141;28/05/2026;28012;Chapa 6,35(1/4'')1200x2600mm A36;6.000,00;KG;4,98;20878;PANATLANTICA CATARINENSE S.A.;Atendido Parcial;03/07/2026;03/07/2026;109;Marcia - Compras;12;28/42/56 DIAS;26/06/2026;1.01.01.03.01.00004
75651;24/06/2026;28599;Porca Sext Autotr M8x1,25mm;2;CT;10,4776;22573;FUSOPAR PARAFUSOS LTDA-CXS;Em Aberto;06/09/2026;30/06/2026;41;Gibson Ribeiro;7;30 DIAS;;1.99.04.01.02.00018
76021;13/07/2026;28771;Arruela Lisa M12 - Zinc - #2,75mm;50;CT;15,47;25226;COREMMA LTDA;Em Aberto;17/07/2026;17/07/2026;55;Gabriel André Bertram;28;28/56/84 DIAS;;1.99.04.01.03.00018
75613;23/06/2026;28856;Suporte Dobradica PT Bruto - N11FR;800;PC;36,63;24023;RDR METAIS INDUSTRIAIS LTDA;Em Aberto;07/08/2026;07/08/2026;41;Gibson Ribeiro;26;28/56;;1.12.01.01.01.00010
75882;06/07/2026;29020;Rebolo A36 QVS 152,4x25,4x31,75REF FG 6574769;1;PC;69,71;21348;FERRAMENTAS GERAIS COM.IMPORT. S.A.;Em Aberto;14/07/2026;14/07/2026;55;Gabriel André Bertram;84;42 dias;;2.01.03.01.01.00014
75791;02/07/2026;30643;Pino Dobradica - N11;2.000,00;PC;0,99;24716;METALURGICA TERENA LTDA;Em Aberto;10/07/2026;10/07/2026;109;Marcia - Compras;20;35 DIAS;;5.12.06.01.01.00041
75834;03/07/2026;31610;Suporte Perfil ZB  -  P/Protetor Lateral;3.000,00;PC;11,5;22193;BAUMANN IND E COM DE ACOS LTDA;Em Aberto;24/07/2026;24/07/2026;109;Marcia - Compras;7;30 DIAS;;1.19.01.05.01.00017
75952;09/07/2026;31669;Reforco Travessa PLAT POMMIER;600;PC;22,3;24234;PROLATECH IND E COM DE ACESSORIOS LTDA;Em Aberto;22/07/2026;22/07/2026;109;Marcia - Compras;45;30/45/60/75;;1.19.01.05.01.00001
75995;10/07/2026;31669;Reforco Travessa PLAT POMMIER;300;PC;22,3;24234;PROLATECH IND E COM DE ACESSORIOS LTDA;Em Aberto;31/07/2026;31/07/2026;109;Marcia - Compras;45;30/45/60/75;;1.19.01.05.01.00001
75995;10/07/2026;31670;Base Sup Travessa PLAT POMMIER;300;PC;47,85;24234;PROLATECH IND E COM DE ACESSORIOS LTDA;Em Aberto;31/07/2026;31/07/2026;109;Marcia - Compras;45;30/45/60/75;;1.19.01.05.01.00002
75435;12/06/2026;31670;Base Sup Travessa PLAT POMMIER;400;PC;47,85;24234;PROLATECH IND E COM DE ACESSORIOS LTDA;Atendido Parcial;26/06/2026;06/07/2026;109;Marcia - Compras;45;30/45/60/75;19/06/2026;1.19.01.05.01.00002
75435;12/06/2026;31673;Bucha Plastica PLP PLAT POMMIER;2.000,00;PC;0,45;24234;PROLATECH IND E COM DE ACESSORIOS LTDA;Atendido Parcial;26/06/2026;06/07/2026;109;Marcia - Compras;45;30/45/60/75;;1.19.01.05.01.00005
75435;12/06/2026;31674;Ponteira 60x40 PLAT POMMIER;1.200,00;PC;1,3;24234;PROLATECH IND E COM DE ACESSORIOS LTDA;Atendido Parcial;26/06/2026;06/07/2026;109;Marcia - Compras;45;30/45/60/75;;1.19.01.05.01.00006
75823;03/07/2026;31674;Ponteira 60x40 PLAT POMMIER;1.200,00;PC;1,3;24234;PROLATECH IND E COM DE ACESSORIOS LTDA;Em Aberto;10/07/2026;20/07/2026;109;Marcia - Compras;45;30/45/60/75;;1.19.01.05.01.00006
75435;12/06/2026;31676;Ponteira Inf Perfil Al PLAT POMMIER - 31.10472;300;PC;3,54;24234;PROLATECH IND E COM DE ACESSORIOS LTDA;Atendido Parcial;26/06/2026;06/07/2026;109;Marcia - Compras;45;30/45/60/75;;1.19.01.05.01.00008
75995;10/07/2026;31676;Ponteira Inf Perfil Al PLAT POMMIER - 31.10472;300;PC;3,54;24234;PROLATECH IND E COM DE ACESSORIOS LTDA;Em Aberto;31/07/2026;31/07/2026;109;Marcia - Compras;45;30/45/60/75;;1.19.01.05.01.00008
75435;12/06/2026;31677;Ponteira Sup Perfil Al PLAT POMMIER - 31.10473;300;PC;3,54;24234;PROLATECH IND E COM DE ACESSORIOS LTDA;Atendido Parcial;26/06/2026;06/07/2026;109;Marcia - Compras;45;30/45/60/75;;1.19.01.05.01.00009
75995;10/07/2026;31677;Ponteira Sup Perfil Al PLAT POMMIER - 31.10473;300;PC;3,54;24234;PROLATECH IND E COM DE ACESSORIOS LTDA;Em Aberto;31/07/2026;31/07/2026;109;Marcia - Compras;45;30/45/60/75;;1.19.01.05.01.00009
75696;29/06/2026;31681;Paraf Sext M12x30x1,75mm 5.8 ZB;4;CT;73,2;25226;COREMMA LTDA;Em Aberto;08/07/2026;08/07/2026;55;Gabriel André Bertram;28;28/56/84 DIAS;;1.04.01.09.01.00041
75984;09/07/2026;31681;Paraf Sext M12x30x1,75mm 5.8 ZB;5;CT;73,2;25226;COREMMA LTDA;Em Aberto;24/07/2026;24/07/2026;55;Gabriel André Bertram;28;28/56/84 DIAS;;1.04.01.09.01.00041
75823;03/07/2026;31682;Ponteira Tras 100x40 PLAT POMMIER;1.000,00;PC;1,9;24234;PROLATECH IND E COM DE ACESSORIOS LTDA;Em Aberto;10/07/2026;20/07/2026;109;Marcia - Compras;45;30/45/60/75;;1.19.01.05.01.00010
75823;03/07/2026;31683;Tubo Vert Trav 730mm POMMIER - 31.09241;600;PC;41,6;24234;PROLATECH IND E COM DE ACESSORIOS LTDA;Em Aberto;10/07/2026;20/07/2026;109;Marcia - Compras;45;30/45/60/75;;1.19.01.05.01.00011
75823;03/07/2026;31687;Pino Trava PLAT POMMIER;400;PC;7,19;24234;PROLATECH IND E COM DE ACESSORIOS LTDA;Em Aberto;10/07/2026;20/07/2026;109;Marcia - Compras;45;30/45/60/75;;1.19.01.05.01.00013
75823;03/07/2026;31687;Pino Trava PLAT POMMIER;400;PC;7,19;24234;PROLATECH IND E COM DE ACESSORIOS LTDA;Em Aberto;10/07/2026;20/07/2026;109;Marcia - Compras;45;30/45/60/75;;1.19.01.05.01.00013
74407;17/04/2026;34737;Grampo 5/8 92x480mm(UNC)B;70;PC;21,75;23626;TERCILIO MARCHETTI IND E COM DE AUTOPECAS LTDA;Em Aberto;06/07/2026;10/07/2026;109;Marcia - Compras;26;28/56;;1.04.06.01.01.00024
74915;18/05/2026;35259;Caixa Polipr 1062x522x500mm s/Sup (Ferram Gr);70;PC;690,33;24808;DAKEN BRASIL LTDA;Atendido Parcial;19/06/2026;30/06/2026;109;Marcia - Compras;14;30/45/60 DIAS;15/06/2026;1.07.03.02.01.00012
75995;10/07/2026;36272;Base Sup Travessa Fixa 375mm POMMIER - 31.09271GA;300;PC;23,82;24234;PROLATECH IND E COM DE ACESSORIOS LTDA;Em Aberto;31/07/2026;31/07/2026;109;Marcia - Compras;45;30/45/60/75;;1.19.01.05.01.00018
75243;02/06/2026;36272;Base Sup Travessa Fixa 375mm POMMIER - 31.09271GA;600;PC;23,82;24234;PROLATECH IND E COM DE ACESSORIOS LTDA;Atendido Parcial;13/06/2026;06/07/2026;109;Marcia - Compras;45;30/45/60/75;19/06/2026;1.19.01.05.01.00018
75995;10/07/2026;36273;Tubo Vert Trav 750mm FixPLATPOMMIER;600;PC;44,23;24234;PROLATECH IND E COM DE ACESSORIOS LTDA;Em Aberto;31/07/2026;31/07/2026;109;Marcia - Compras;45;30/45/60/75;;1.19.01.05.01.00019
75995;10/07/2026;36280;Reforco Travessa Fixo 580mm POMMIER - 31.09254GA;300;PC;29,16;24234;PROLATECH IND E COM DE ACESSORIOS LTDA;Em Aberto;31/07/2026;31/07/2026;109;Marcia - Compras;45;30/45/60/75;;1.19.01.05.01.00020
75243;02/06/2026;36280;Reforco Travessa Fixo 580mm POMMIER - 31.09254GA;600;PC;29,16;24234;PROLATECH IND E COM DE ACESSORIOS LTDA;Atendido Parcial;13/06/2026;06/07/2026;109;Marcia - Compras;45;30/45/60/75;19/06/2026;1.19.01.05.01.00020
73880;23/03/2026;37136;Leme Dobradica (Olhal Invert) PT Comprado;600;PC;26,81;22781;METALURGICA SCHILD LTDA;Em Aberto;13/07/2026;07/08/2026;109;Marcia - Compras;9;28/42 DIAS;;1.19.01.04.01.00009
74725;08/05/2026;37136;Leme Dobradica (Olhal Invert) PT Comprado;600;PC;26,81;22781;METALURGICA SCHILD LTDA;Em Aberto;17/07/2026;07/08/2026;109;Marcia - Compras;9;28/42 DIAS;;1.19.01.04.01.00009
75301;03/06/2026;37136;Leme Dobradica (Olhal Invert) PT Comprado;600;PC;26,81;22781;METALURGICA SCHILD LTDA;Em Aberto;21/08/2026;21/08/2026;109;Marcia - Compras;9;28/42 DIAS;;1.19.01.04.01.00009
75583;19/06/2026;37136;Leme Dobradica (Olhal Invert) PT Comprado;600;PC;26,81;22781;METALURGICA SCHILD LTDA;Em Aberto;18/09/2026;18/09/2026;109;Marcia - Compras;9;28/42 DIAS;;1.19.01.04.01.00009
75950;09/07/2026;37201;Mono Cabo MB 25 5m 160-0155;3;PC;1.019,90;20821;BLU SOLDAS FERRAMENTAS  LTDA.;Em Aberto;23/07/2026;23/07/2026;55;Gabriel André Bertram;28;28/56/84 DIAS;;4.01.09.01.04.00045
74712;08/05/2026;38327;Perfil Al Bruto 8000mm PLAT;7.890,00;KG;31,8;24393;CDA COMERCIO INDUSTRIA DE METAIS LTDA;Em Aberto;04/06/2026;17/07/2026;109;Marcia - Compras;12;28/42/56 DIAS;;1.19.01.05.01.00021
75966;09/07/2026;38327;Perfil Al Bruto 8000mm PLAT;8.000,00;KG;30,8;24393;CDA COMERCIO INDUSTRIA DE METAIS LTDA;Em Aberto;14/08/2026;14/08/2026;109;Marcia - Compras;12;28/42/56 DIAS;;1.19.01.05.01.00021
75163;29/05/2026;39289;Bobina #24 Zn 0,65x1200mm;20.000,00;KG;7,05;23066;ARCELORMITTAL BRASIL S A;Em Aberto;30/06/2026;10/07/2026;109;Marcia - Compras;136;44-59-74 dias;;1.01.02.04.01.00006
75754;30/06/2026;39289;Bobina #24 Zn 0,65x1200mm;12.000,00;KG;7,05;24937;MALTA RIO INDUSTRIAL LTDA;Em Aberto;24/07/2026;24/07/2026;109;Marcia - Compras;45;30/45/60/75;;1.01.02.04.01.00006
75828;03/07/2026;39542;Rebite Hermetico Al 3,2x17,1 CbAblREF - AHA 4130/HF317;2;MIL;123,79;20819;OR-BRASIL COM. IMP E EXPORTDORA LTDA;Em Aberto;15/07/2026;15/07/2026;55;Gabriel André Bertram;10;30/60 DIAS;;1.99.04.01.04.00014
75784;01/07/2026;39579;Gasolina (automoveis);1.000,00;L;6,36;22445;AUTO POSTO MANARIN LTDA;Atendido Parcial;08/07/2026;30/09/2026;206;Leonardo Pereira Falconeli Dos Santos;53;OUTROS;30/06/2026 - 02/07/2026 - 02/07/2026 - 07/07/2026;3.42.01.01.01.00001
75944;09/07/2026;39817;Rodizio Giratorio 75mm (3');12;PC;28,26;25396;CICAMPO MAQUINAS E FERRAMENTAS LTDA;Em Aberto;17/07/2026;17/07/2026;55;Gabriel André Bertram;6;28 DIAS;;4.01.13.01.01.00007
75813;03/07/2026;39865;Papel 75g 0,915x50m (plotter/rolo);30;UN;84,33;23529;AS PAPEIS E PLASTICOS COM. EIRELI ME;Em Aberto;10/07/2026;10/07/2026;55;Gabriel André Bertram;6;28 DIAS;;3.49.01.01.01.00011
75976;09/07/2026;40330;Capa Leve nº18;100;PC;2,5;21691;BERTOLDI MANGUEIRAS E CONEXOES LTDA;Em Aberto;23/07/2026;23/07/2026;55;Gabriel André Bertram;6;28 DIAS;;4.01.13.01.01.00010
75893;07/07/2026;40926;Esmerilhadeira Eletrica PQ;1;UN;787,25;24470;LF COMERCIAL DE BENS LTDA-ATACADO JOI;Em Aberto;15/07/2026;15/07/2026;55;Gabriel André Bertram;6;28 DIAS;;4.03.01.01.02.00004
75915;08/07/2026;40965;Chumbador 3/8x5;4;PC;2,885;20071;COMERCIO PARAF. FERR. BERTOLDI LTDA;Em Aberto;15/07/2026;15/07/2026;206;Leonardo Pereira Falconeli Dos Santos;6;28 DIAS;;4.01.01.02.03.00006
75953;09/07/2026;41057;Plaqueta - Protetor Lateral(Contran;200;PC;0,01;24234;PROLATECH IND E COM DE ACESSORIOS LTDA;Em Aberto;22/07/2026;22/07/2026;109;Marcia - Compras;45;30/45/60/75;;1.99.04.01.08.00010
75734;30/06/2026;41182;Pincel 302 2 Polegada;15;PC;4,22;20141;FERRAMENTAS GERAIS COMERCIO IMP DE FERRAM. E MAQUINAS LTDA;Em Aberto;09/07/2026;09/07/2026;55;Gabriel André Bertram;84;42 dias;;2.05.01.01.01.00005
76021;13/07/2026;42047;Arruela Lisa M8 - Zinc;4;CT;6,79;25226;COREMMA LTDA;Em Aberto;17/07/2026;17/07/2026;55;Gabriel André Bertram;28;28/56/84 DIAS;;1.99.04.01.03.00022
75915;08/07/2026;42238;Rodizio Giratório 4';2;UN;49,645;20071;COMERCIO PARAF. FERR. BERTOLDI LTDA;Em Aberto;15/07/2026;15/07/2026;206;Leonardo Pereira Falconeli Dos Santos;6;28 DIAS;;4.01.04.02.01.00026
75719;30/06/2026;42718;Embuchado Magnetico 35X19 C/ Furo Roscado M8;41;PC;87,3;24531;OXIMAG IND E COM DE PRODUTOS MAGNETICOS LTDA;Em Aberto;10/07/2026;10/07/2026;55;Gabriel André Bertram;6;28 DIAS;;4.01.02.03.03.00003
75884;06/07/2026;42759;Trena 5m x 3/4';10;UN;21,5;20141;FERRAMENTAS GERAIS COMERCIO IMP DE FERRAM. E MAQUINAS LTDA;Em Aberto;14/07/2026;14/07/2026;55;Gabriel André Bertram;84;42 dias;;3.03.01.01.01.00012
75513;15/06/2026;43252;Junta Borracha Nitrilica (BOMBA DE MASSA);20;PC;303,48;20314;VEDAX IND E COM EIRELI;Em Aberto;14/08/2026;14/08/2026;55;Gabriel André Bertram;9;28/42 DIAS;;4.01.07.07.01.00008
75854;03/07/2026;45268;Suporte Botijao - BTJ - SR;24;PC;219;20579;MB COM. DE PECAS AUTOMOTIVAS LTDA;Em Aberto;23/07/2026;23/07/2026;109;Marcia - Compras;6;28 DIAS;;1.20.10.01.01.00001
75659;25/06/2026;45308;Suporte Mecanismo PL Bruto FR;200;PC;11,2568;22193;BAUMANN IND E COM DE ACOS LTDA;Em Aberto;24/07/2026;24/07/2026;109;Marcia - Compras;7;30 DIAS;;1.19.01.04.01.00028
75449;12/06/2026;45388;Grampo 5/8 82x400mm(UNC)B;72;PC;19,13;23626;TERCILIO MARCHETTI IND E COM DE AUTOPECAS LTDA;Em Aberto;07/09/2026;07/09/2026;109;Marcia - Compras;26;28/56;;1.04.06.01.01.00027
75416;11/06/2026;45532;Compensado Naval Ting 10x2475x1220(2600);200;PC;149,86;22443;MADEIRAS EULIDE LTDA;Em Aberto;13/07/2026;13/07/2026;104;Jonas Linshalm;85;21/42 DIAS;;1.03.01.08.04.00007
75416;11/06/2026;45533;Compensado Naval Ting 15x2475x1220(2600)EULIDE REF:001794-000127;200;PC;204,4;22443;MADEIRAS EULIDE LTDA;Em Aberto;13/07/2026;13/07/2026;104;Jonas Linshalm;85;21/42 DIAS;;1.03.01.08.05.00001
75957;09/07/2026;45614;Barra Redonda INOX 9,53mm 0,563kg/m;2,252;KG;33,05;22091;INOX DO BRASIL COMERCIO DE ACO LTDA;Em Aberto;24/07/2026;24/07/2026;109;Marcia - Compras;6;28 DIAS;;1.09.03.02.02.00001
75095;27/05/2026;45679;Oleo Diesel (Caminhonete/Caminhoes);2.700,00;L;7,19;21835;AUTO POSTO NASATO LTDA.;Em Aberto;30/12/2026;30/12/2026;206;Leonardo Pereira Falconeli Dos Santos;3;10 DIAS;;3.42.01.01.01.00017
75777;01/07/2026;45679;Oleo Diesel (Caminhonete/Caminhoes);3.000,00;L;6,56;22445;AUTO POSTO MANARIN LTDA;Atendido Parcial;29/07/2026;31/12/2026;206;Leonardo Pereira Falconeli Dos Santos;53;OUTROS;26/06/2026 - 03/07/2026 - 03/07/2026 - 07/07/2026 - 06/07/2026;3.42.01.01.01.00017
75549;17/06/2026;45938;Rebite Estr Aco LOCK 6,4x12,5 CbAblREF ORBRASIL - L64125P;1;MIL;1.331,53;20819;OR-BRASIL COM. IMP E EXPORTDORA LTDA;Em Aberto;15/08/2026;15/08/2026;41;Gibson Ribeiro;7;30 DIAS;;1.99.04.01.04.00015
76022;13/07/2026;46052;Vergalhao Aço 8,0mm 5/16;237;PC;10,97;25426;FRAGON PRESTADORA DE SERVICOS E COMERCIO DE MATERIAIS DE CON;Em Aberto;27/07/2026;27/07/2026;206;Leonardo Pereira Falconeli Dos Santos;82;15 dias;;4.01.13.01.01.00304
75976;09/07/2026;46154;Capa Leve Nº15;100;PC;2,5;21691;BERTOLDI MANGUEIRAS E CONEXOES LTDA;Em Aberto;23/07/2026;23/07/2026;55;Gabriel André Bertram;6;28 DIAS;;4.01.13.01.01.00312
75896;07/07/2026;46344;Pino Ref: PIR-30;5;PC;2,71;20278;REITZ INDUSTRIA MECANICA LTDA.;Em Aberto;30/08/2026;30/08/2026;55;Gabriel André Bertram;12;28/42/56 DIAS;;4.01.07.03.02.00005
75568;19/06/2026;47854;Papel Mascara Bege 900mm(Pintura);20;PC;35;23411;BETO AUTO TINTAS LTDA;Em Aberto;25/06/2026;25/06/2026;41;Gibson Ribeiro;6;28 DIAS;;2.05.01.02.01.00004
75302;03/06/2026;49615;Calha Ref Dobradiça PT;800;PC;5,916;22781;METALURGICA SCHILD LTDA;Em Aberto;21/08/2026;21/08/2026;109;Marcia - Compras;9;28/42 DIAS;;1.19.01.04.01.00032
75584;19/06/2026;49615;Calha Ref Dobradiça PT;1.000,00;PC;5,916;22781;METALURGICA SCHILD LTDA;Em Aberto;18/09/2026;18/09/2026;109;Marcia - Compras;9;28/42 DIAS;;1.19.01.04.01.00032
75867;06/07/2026;49816;Porca Pont Fixa (SC-10410);10;PC;23;22903;BULDOZER COMERCIO DE MAQUINAS E EQUIPAMENTOS LTDA;Em Aberto;08/07/2026;08/07/2026;41;Gibson Ribeiro;20;35 DIAS;;1.13.01.11.01.00030
75534;17/06/2026;50343;Botoeira COB-1361;2;PC;39,85;21720;ELETROTECNICA F.C.LTDA.;Em Aberto;30/06/2026;30/06/2026;206;Leonardo Pereira Falconeli Dos Santos;6;28 DIAS;;4.01.02.01.01.00048
75984;09/07/2026;50397;Paraf Sext M8x30x1,25mm Zinc;2;CT;25,9;25226;COREMMA LTDA;Em Aberto;24/07/2026;24/07/2026;55;Gabriel André Bertram;28;28/56/84 DIAS;;1.04.01.09.01.00056
75566;19/06/2026;50662;Cinza Subgray Sintético;2;GL;145;23411;BETO AUTO TINTAS LTDA;Em Aberto;01/07/2026;01/07/2026;41;Gibson Ribeiro;6;28 DIAS;;1.06.01.01.04.00014
75915;08/07/2026;52051;Rodizio Fixo 4'x1.1/14';1;UN;129;20071;COMERCIO PARAF. FERR. BERTOLDI LTDA;Em Aberto;15/07/2026;15/07/2026;206;Leonardo Pereira Falconeli Dos Santos;6;28 DIAS;;4.01.21.01.01.00138
75797;02/07/2026;53696;Arruela Lisa M12 Galv. Fogo;1;CT;52,37;25417;TORNEARIA BARBIERI LTDA.;Em Aberto;10/07/2026;10/07/2026;55;Gabriel André Bertram;23;30/60/90 DIAS;;1.21.01.01.01.00521
75797;02/07/2026;53697;Arruela Pressão M12 Galv. Fogo;1;CT;34,57;25417;TORNEARIA BARBIERI LTDA.;Em Aberto;10/07/2026;10/07/2026;55;Gabriel André Bertram;23;30/60/90 DIAS;;1.21.01.01.01.00522
75866;06/07/2026;53733;Suporte Inf Vareta Nivel -  KLL 30110027401;30;PC;28,01;24843;SAF-HOLLAND DO BRASIL IND PROD EIXOS E EQUIP;Em Aberto;10/08/2026;10/08/2026;41;Gibson Ribeiro;12;28/42/56 DIAS;;1.20.08.01.01.00079
75182;29/05/2026;54061;Paraf AA Cab Chata PH Inox 5.5x25;3;CT;40,8;25226;COREMMA LTDA;Atendido Parcial;15/06/2026;15/06/2026;55;Gabriel André Bertram;28;28/56/84 DIAS;02/06/2026;1.04.01.06.01.00009
75800;02/07/2026;54268;Lima Rotativa Oval 8mm;5;UN;105,48;24470;LF COMERCIAL DE BENS LTDA-ATACADO JOI;Atendido Parcial;11/07/2026;31/07/2026;55;Gabriel André Bertram;6;28 DIAS;;2.02.02.01.03.00012
75561;18/06/2026;54305;Porca Sext. NC 1.1/4;10;PC;12,25;25169;DL FERRAGENS E FERRAMENTAS LTDA;Atendido Parcial;18/06/2026;10/07/2026;41;Gibson Ribeiro;6;28 DIAS;;4.01.15.02.01.00046
76021;13/07/2026;54332;Paraf AA Cab Oval 4,8x32 Zinc PH;50;CT;21,6;25226;COREMMA LTDA;Em Aberto;17/07/2026;17/07/2026;55;Gabriel André Bertram;28;28/56/84 DIAS;;1.99.04.01.01.00075
75860;03/07/2026;54370;Uniao Anteparo M16F C/ Porca M22;500;PC;17,58;20264;COBRA CONEXOES BRASIL IND.METAL.LT.;Em Aberto;31/07/2026;31/07/2026;109;Marcia - Compras;6;28 DIAS;;1.20.04.02.01.00070
75931;08/07/2026;56284;Sabonete Desengrax Microesferas Premisse;8;UN;133,3;24420;CBS DISTRIBUIDORA LTDA;Em Aberto;08/07/2026;15/07/2026;55;Gabriel André Bertram;6;28 DIAS;;3.46.01.01.01.00056
75931;08/07/2026;56284;Sabonete Desengrax Microesferas Premisse;4;UN;50;24420;CBS DISTRIBUIDORA LTDA;Em Aberto;15/07/2026;15/07/2026;55;Gabriel André Bertram;6;28 DIAS;;3.46.01.01.01.00056
76018;13/07/2026;56340;Thinner (Limpeza) Consumo;600;L;7,1;21734;BLUQUIMI INDUSTRIA QUIMICA LTDA.ME;Em Aberto;13/07/2026;13/07/2026;55;Gabriel André Bertram;3;10 DIAS;;3.03.01.02.02.00007
74133;07/04/2026;57305;Lona Preta Lar. 6M;8;M2;588;25432;ZANINI & RODRIGUES LTDA;Em Aberto;17/10/2026;17/10/2026;55;Gabriel André Bertram;6;28 DIAS;;4.01.21.01.01.00263
75660;25/06/2026;57320;Massa TEROSTAT MS 9360 PRETO;112;PC;88,02;21386;HENKEL  LTDA;Em Aberto;24/07/2026;24/07/2026;109;Marcia - Compras;6;28 DIAS;;1.06.01.04.02.00015
74006;30/03/2026;57935;Oxigenio (O);2.000,00;M3;8,857;20534;WHITE MARTINS GASES INDUST. LTDA;Atendido Parcial;30/12/2026;30/12/2026;55;Gabriel André Bertram;6;28 DIAS;16/06/2026 - 19/06/2026 - 30/06/2026 - 07/07/2026;2.06.01.01.01.00015
76019;13/07/2026;57936;Dioxido Carbono (CO2);2.000,00;KG;6,9139;20534;WHITE MARTINS GASES INDUST. LTDA;Em Aberto;31/12/2026;31/12/2026;206;Leonardo Pereira Falconeli Dos Santos;6;28 DIAS;;2.06.01.01.01.00016
75259;03/06/2026;57973;Parafusadeira Furadeira (Bateria);1;PC;2.300,00;23878;AUTORIZADA ASSISTENCIA TECNICA E COMERCIO DE PECAS;Em Aberto;17/06/2026;17/06/2026;206;Leonardo Pereira Falconeli Dos Santos;6;28 DIAS;;4.01.20.01.01.00251
75915;08/07/2026;58043;Porca Sext. NC 3/8 - 16Fios (HYSTER);8;PC;0,2637;20071;COMERCIO PARAF. FERR. BERTOLDI LTDA;Em Aberto;15/07/2026;15/07/2026;206;Leonardo Pereira Falconeli Dos Santos;6;28 DIAS;;4.01.05.01.01.00231
74556;29/04/2026;59277;Argonio (Ar);300;M3;16,346;20534;WHITE MARTINS GASES INDUST. LTDA;Atendido Parcial;13/05/2026;13/05/2026;206;Leonardo Pereira Falconeli Dos Santos;6;28 DIAS;28/04/2026 - 04/05/2026 - 11/05/2026 - 18/05/2026 - 08/06/2026 - 16/06/2026 - 07/07/2026;2.06.01.01.01.00018
75751;30/06/2026;59321;Chapa 9,53(3/8'')1200x2000mm 1008/10;8.000,00;KG;4,95;24937;MALTA RIO INDUSTRIAL LTDA;Em Aberto;17/07/2026;17/07/2026;109;Marcia - Compras;45;30/45/60/75;;1.01.01.01.01.00004
75811;03/07/2026;59801;Ponteira Torx Sata T25 - ST59235ST;150;PC;13,99;24429;DIMENSIONAL BRASIL SOLUCOES LTDA;Em Aberto;31/08/2026;31/08/2026;55;Gabriel André Bertram;6;28 DIAS;;2.04.01.01.01.00015
75657;25/06/2026;59855;Suporte Placa C/Lanterna LED 2 V. Selado ref. 3005;100;PC;20,9;22472;SINALSUL INDUSTRIA DE AUTO PECAS LTDA;Em Aberto;24/07/2026;24/07/2026;109;Marcia - Compras;28;28/56/84 DIAS;;1.05.01.01.02.00049
76023;13/07/2026;60289;Plastico Filme Strech 0,25 x 500mm;24;KG;22,9;25015;VALLE PRODUTOS PARA INDUSTRIA LTDA;Em Aberto;17/07/2026;17/07/2026;55;Gabriel André Bertram;6;28 DIAS;;3.04.01.03.01.00016
75416;11/06/2026;61226;Compensado Naval Ting 7x2500x1220mmREF - EULIDE : 002700-000126;100;PC;129,47;22443;MADEIRAS EULIDE LTDA;Em Aberto;13/07/2026;13/07/2026;104;Jonas Linshalm;85;21/42 DIAS;;1.03.01.08.04.00009
75295;03/06/2026;61465;Grampo Engate 'U' Segurança 24x72x240  -  CE;60;PC;24,77;23626;TERCILIO MARCHETTI IND E COM DE AUTOPECAS LTDA;Em Aberto;03/07/2026;08/08/2026;109;Marcia - Compras;26;28/56;;1.19.01.03.01.00020
75971;09/07/2026;61471;Cabo ISO7638 - 22m - HALDEXREF:364510031 - HALDEX;5;UN;1.136,43;22671;HALDEX DO BRASIL IND E COM LTDA;Em Aberto;11/08/2026;11/08/2026;109;Marcia - Compras;12;28/42/56 DIAS;;1.23.01.01.01.00010
75963;09/07/2026;61590;Fecho Maleiro Emb C/Alavanca e Regulagem C/Chave  - InoxREF:773;10;PC;83;23433;PROFURGO IND E COM DE ACESSORIOS LTDA;Em Aberto;07/08/2026;07/08/2026;109;Marcia - Compras;26;28/56;;1.19.01.06.01.00045
76006;10/07/2026;61614;Arruela Lisa M16 Galv. Fogo;1;CT;76,2;25417;TORNEARIA BARBIERI LTDA.;Em Aberto;24/07/2026;24/07/2026;55;Gabriel André Bertram;7;30 DIAS;;1.04.03.01.01.00051
75985;09/07/2026;61619;Dobradiça Gonzo Caixa Ferramenta 5/8;10;PC;5,3475;25169;DL FERRAGENS E FERRAMENTAS LTDA;Em Aberto;24/07/2026;24/07/2026;55;Gabriel André Bertram;6;28 DIAS;;1.23.01.01.01.00014
75469;12/06/2026;62091;(1) Plaqueta Para-Choque Res Contran 952/2022 - PCH;500;PC;4,46;21269;JAK FOTOGRAVURAS IND. GRAFICA LTDA.;Em Aberto;07/08/2026;07/08/2026;109;Marcia - Compras;7;30 DIAS;;1.99.04.01.08.00001
75935;09/07/2026;62151;Lima Rotativa SH 12mm - Haste 6mm;5;PC;245,7;21348;FERRAMENTAS GERAIS COM.IMPORT. S.A.;Em Aberto;09/07/2026;14/07/2026;55;Gabriel André Bertram;84;42 dias;;2.01.03.01.07.00004
75251;02/06/2026;62433;Para-Lama Metade_Tras Rodoplast REF 6586 - BTD;8;UN;82,9079;22906;RODOPLAST IND COM D COMPONENT PLAST LTDA;Atendido Parcial;26/06/2026;03/07/2026;109;Marcia - Compras;26;28/56;;1.20.03.01.01.00103
76020;13/07/2026;62488;Pino Trava Quebra Dedo 1/4x2';12;UN;2,7;25226;COREMMA LTDA;Em Aberto;25/07/2026;25/07/2026;55;Gabriel André Bertram;28;28/56/84 DIAS;;1.04.09.01.01.00009
75465;12/06/2026;62734;Cabo ISO7638 - 4m - HALDEXREF:364510051 - HALDEX;5;UN;254,44;22671;HALDEX DO BRASIL IND E COM LTDA;Em Aberto;05/07/2026;14/07/2026;109;Marcia - Compras;12;28/42/56 DIAS;;1.23.01.01.01.00025
75852;03/07/2026;62734;Cabo ISO7638 - 4m - HALDEXREF:364510051 - HALDEX;12;UN;254,44;22671;HALDEX DO BRASIL IND E COM LTDA;Em Aberto;22/07/2026;22/07/2026;109;Marcia - Compras;12;28/42/56 DIAS;;1.23.01.01.01.00025
75797;02/07/2026;62840;Arruela Pressão M16 Galv. Fogo;1;CT;80,64;25417;TORNEARIA BARBIERI LTDA.;Em Aberto;10/07/2026;10/07/2026;55;Gabriel André Bertram;23;30/60/90 DIAS;;1.21.01.01.01.00780
75945;09/07/2026;63144;Esmerilhadeira A Bateria 5';1;PC;1.817,64;25396;CICAMPO MAQUINAS E FERRAMENTAS LTDA;Em Aberto;15/07/2026;15/07/2026;55;Gabriel André Bertram;9;28/42 DIAS;;4.01.21.01.02.00192
75984;09/07/2026;63173;Paraf Sext M14x60x2,0mm 8.8;3;CT;128;25226;COREMMA LTDA;Em Aberto;24/07/2026;24/07/2026;55;Gabriel André Bertram;28;28/56/84 DIAS;;1.13.01.11.01.00034
75438;12/06/2026;63772;Fechadura Auxiliar 4 Pinos Euro Volper CRREF:4.430  30300CR;4;PC;206,15;23651;KESO DO BRASIL SIST. DE SEGURANCA LTDA;Em Aberto;26/06/2026;24/07/2026;109;Marcia - Compras;26;28/56;;1.15.01.01.03.00007
75438;12/06/2026;63774;Meio Cilindro EuroPerfil CF Liga Aco 65mmREF:252  8995CFR;2;PC;404,78;23651;KESO DO BRASIL SIST. DE SEGURANCA LTDA;Em Aberto;26/06/2026;24/07/2026;109;Marcia - Compras;26;28/56;;1.15.01.01.03.00009
75438;12/06/2026;63775;Meio Cilindro EuroPerfil Liga Sidra 40mmREF:2.943  8980CFR;2;PC;221,47;23651;KESO DO BRASIL SIST. DE SEGURANCA LTDA;Em Aberto;26/06/2026;24/07/2026;109;Marcia - Compras;26;28/56;;1.15.01.01.03.00010
75349;08/06/2026;63804;Softwer Informatica;2;PC;999,99;23977;AGB SUL COMPUTADORES E SERVICOS LTDA;Em Aberto;15/06/2026;15/06/2026;206;Leonardo Pereira Falconeli Dos Santos;23;30/60/90 DIAS;;3.44.01.01.01.00070
75422;11/06/2026;63809;Pneus Michelin 275/70r22.5 Multi T;18;PC;1.969,66;21087;SOC.MICHELIN PARTICIP.IND.COM. LTDA;Em Aberto;11/07/2026;11/07/2026;41;Gibson Ribeiro;12;28/42/56 DIAS;;1.20.06.01.01.00008
75684;26/06/2026;63816;Pneus Continental 295/80r22.5 HTR1;143;PC;1.881,10;22687;CONTINENTAL DO BRASIL PRODUTOS AUTOMOTIVOS LTDA;Em Aberto;03/08/2026;03/08/2026;41;Gibson Ribeiro;7;30 DIAS;;1.20.06.01.01.00015
74270;14/04/2026;64156;Barra Redonda 9,53 Fio AR BTC PMC PLA 1020;10.000,00;KG;9,5883;22065;GERDAU ACOS LONGOS S.A.;Em Aberto;06/07/2026;24/07/2026;109;Marcia - Compras;31;21/28/35;;1.09.03.02.01.00023
75863;03/07/2026;64156;Barra Redonda 9,53 Fio AR BTC PMC PLA 1020;6.000,00;KG;9,5883;22065;GERDAU ACOS LONGOS S.A.;Em Aberto;11/09/2026;11/09/2026;109;Marcia - Compras;31;21/28/35;;1.09.03.02.01.00023
75864;03/07/2026;64156;Barra Redonda 9,53 Fio AR BTC PMC PLA 1020;6.000,00;KG;9,5883;22065;GERDAU ACOS LONGOS S.A.;Em Aberto;13/11/2026;13/11/2026;109;Marcia - Compras;31;21/28/35;;1.09.03.02.01.00023
75298;03/06/2026;64163;Bico Engate Profurgo (12) - Zincado;400;PC;4,3;23433;PROFURGO IND E COM DE ACESSORIOS LTDA;Em Aberto;10/07/2026;10/07/2026;109;Marcia - Compras;26;28/56;;1.19.01.04.01.00038
75298;03/06/2026;64165;Suporte Bico Profurgo (13) - Zincado;400;PC;3,7;23433;PROFURGO IND E COM DE ACESSORIOS LTDA;Em Aberto;10/07/2026;10/07/2026;109;Marcia - Compras;26;28/56;;1.19.01.04.01.00039
74954;19/05/2026;64803;Faixa Refletiva Auto-Adesiva Ref.CA010582B- Esq;4.000,00;PC;1,96;22927;CHALLENGER DA AMAZONIA IND DE PECAS P/ VEICULOS AUT. LTDA;Em Aberto;10/07/2026;10/07/2026;109;Marcia - Compras;28;28/56/84 DIAS;;1.10.02.03.01.00010
75861;03/07/2026;64803;Faixa Refletiva Auto-Adesiva Ref.CA010582B- Esq;4.000,00;PC;1,96;22927;CHALLENGER DA AMAZONIA IND DE PECAS P/ VEICULOS AUT. LTDA;Em Aberto;07/08/2026;07/08/2026;109;Marcia - Compras;28;28/56/84 DIAS;;1.10.02.03.01.00010
74007;30/03/2026;64806;Stargold Plus (GAS P/ SOLDA INOX);1.200,00;M3;15,4395;20534;WHITE MARTINS GASES INDUST. LTDA;Atendido Parcial;30/12/2026;30/12/2026;55;Gabriel André Bertram;6;28 DIAS;12/06/2026 - 19/06/2026 - 23/06/2026 - 26/06/2026 - 30/06/2026 - 02/07/2026 - 07/07/2026;2.06.01.01.01.00023
75654;24/06/2026;64870;(1) Suporte Serra Copo 32mm / 210mm;2;PC;60,54;24470;LF COMERCIAL DE BENS LTDA-ATACADO JOI;Em Aberto;24/06/2026;24/06/2026;41;Gibson Ribeiro;6;28 DIAS;;4.01.21.01.02.00284
75823;03/07/2026;65325;Perfil Fechamento Alum. Bruto 6000mm  (6,35kg/pç );70;PC;189,2;24234;PROLATECH IND E COM DE ACESSORIOS LTDA;Em Aberto;10/07/2026;20/07/2026;109;Marcia - Compras;45;30/45/60/75;;1.19.01.05.01.00027
75480;12/06/2026;66084;Tomada Teste M16 - REF:003975 - FLUAIR;300;PC;14,75;20649;FLUAIR COMPONENTES PNEUMATICOS LTDA;Em Aberto;24/07/2026;24/07/2026;109;Marcia - Compras;12;28/42/56 DIAS;;1.20.08.01.01.00125
75882;06/07/2026;66195;Ponteira Torx T 30x25,4;44;PC;13,74;21348;FERRAMENTAS GERAIS COM.IMPORT. S.A.;Em Aberto;14/07/2026;14/07/2026;55;Gabriel André Bertram;84;42 dias;;2.04.01.01.01.00016
75930;08/07/2026;66755;Pneus Michelin 295/80r22.5 Multi T;13;PC;2.039,24;21087;SOC.MICHELIN PARTICIP.IND.COM. LTDA;Em Aberto;28/07/2026;28/07/2026;41;Gibson Ribeiro;12;28/42/56 DIAS;;1.20.06.01.01.00023
75029;25/05/2026;66860;Lona Teto Sider Sem Plotagem;13;M;100;24400;FIX IMPLEMENTOS RODOVIARIOS COMERCIO E SERVICOS LTDA;Em Aberto;08/07/2026;08/07/2026;104;Jonas Linshalm;7;30 DIAS;;1.10.04.01.01.00010
75030;25/05/2026;66860;Lona Teto Sider Sem Plotagem;14;M;100;24400;FIX IMPLEMENTOS RODOVIARIOS COMERCIO E SERVICOS LTDA;Em Aberto;08/07/2026;08/07/2026;104;Jonas Linshalm;7;30 DIAS;;1.10.04.01.01.00010
75904;08/07/2026;66860;Lona Teto Sider Sem Plotagem;12;M;105;24400;FIX IMPLEMENTOS RODOVIARIOS COMERCIO E SERVICOS LTDA;Em Aberto;31/07/2026;31/07/2026;104;Jonas Linshalm;7;30 DIAS;;1.10.04.01.01.00010
75933;09/07/2026;66860;Lona Teto Sider Sem Plotagem;16;M;105;24400;FIX IMPLEMENTOS RODOVIARIOS COMERCIO E SERVICOS LTDA;Em Aberto;17/08/2026;17/08/2026;104;Jonas Linshalm;7;30 DIAS;;1.10.04.01.01.00010
75934;09/07/2026;66860;Lona Teto Sider Sem Plotagem;32;M;105;24400;FIX IMPLEMENTOS RODOVIARIOS COMERCIO E SERVICOS LTDA;Em Aberto;08/09/2026;08/09/2026;104;Jonas Linshalm;7;30 DIAS;;1.10.04.01.01.00010
75940;09/07/2026;67264;Grampo J 3.0 x 85;50;PC;4,97;25169;DL FERRAGENS E FERRAMENTAS LTDA;Em Aberto;24/07/2026;24/07/2026;55;Gabriel André Bertram;6;28 DIAS;;1.24.01.01.01.00016
74486;24/04/2026;67269;Cracha DAC C/Jacare 7x10;100;PC;0,75;24909;IDEAL CARDS SERVICOS LTDA;Atendido Parcial;08/05/2026;08/05/2026;206;Leonardo Pereira Falconeli Dos Santos;5;21 DIAS;27/04/2026 - 25/05/2026 - 25/05/2026 - 02/06/2026 - 24/06/2026 - 03/07/2026;3.49.01.01.01.00101
75803;02/07/2026;67426;Leme Dobradica PL (2019) - REF 2619;1.000,00;PC;1;22781;METALURGICA SCHILD LTDA;Em Aberto;29/09/2026;30/09/2026;109;Marcia - Compras;9;28/42 DIAS;;1.19.01.04.01.00045
75803;02/07/2026;67427;Suporte Dobradica PL (2019) - REF 2620;1.000,00;PC;18,4;22781;METALURGICA SCHILD LTDA;Em Aberto;29/09/2026;30/09/2026;109;Marcia - Compras;9;28/42 DIAS;;1.19.01.04.01.00046
74275;14/04/2026;67851;Degrau/Estrutura Escada Acesso (3°) BTD;1;PC;53;22601;ENGETUBOS INDUSTRIAL DE TUBOS LTDA;Em Aberto;28/04/2026;28/04/2026;109;Marcia - Compras;6;28 DIAS;;1.20.03.01.01.00171
75941;09/07/2026;67928;Susp PN H280 S/Valv Nivel C/Sensor ABS 3099041X13 - KLL, Bitola 1836, Camara Dupla, Ajuste Automatico, Rodado Duplo, Roda Aco;1;PC;15.235,77;24843;SAF-HOLLAND DO BRASIL IND PROD EIXOS E EQUIP;Em Aberto;13/08/2026;13/08/2026;41;Gibson Ribeiro;12;28/42/56 DIAS;;1.20.04.01.01.00057
75941;09/07/2026;67929;Susp PN H280 S/Valv Nivel  3099041X15 - KLL, Bitola 1836, Camara DuplaAjuste Automatico, Rodado Duplo,Roda Aco;1;PC;14.922,89;24843;SAF-HOLLAND DO BRASIL IND PROD EIXOS E EQUIP;Em Aberto;13/08/2026;13/08/2026;41;Gibson Ribeiro;12;28/42/56 DIAS;;1.20.04.01.01.00058
75313;03/06/2026;67944;Susp PN H440 S/Valv Nivel C/Sensor ABS 3099003X79 KLL, Bitola 1836,Ajustador Automatico, Rodado Duplo,Roda Aco;17;PC;14.930,79;24843;SAF-HOLLAND DO BRASIL IND PROD EIXOS E EQUIP;Em Aberto;14/07/2026;14/07/2026;41;Gibson Ribeiro;12;28/42/56 DIAS;;1.20.04.01.01.00064
75404;10/06/2026;67944;Susp PN H440 S/Valv Nivel C/Sensor ABS 3099003X79 KLL, Bitola 1836,Ajustador Automatico, Rodado Duplo,Roda Aco;6;PC;14.930,79;24843;SAF-HOLLAND DO BRASIL IND PROD EIXOS E EQUIP;Em Aberto;28/07/2026;28/07/2026;41;Gibson Ribeiro;12;28/42/56 DIAS;;1.20.04.01.01.00064
75601;22/06/2026;67944;Susp PN H440 S/Valv Nivel C/Sensor ABS 3099003X79 KLL, Bitola 1836,Ajustador Automatico, Rodado Duplo,Roda Aco;10;PC;14.930,79;24843;SAF-HOLLAND DO BRASIL IND PROD EIXOS E EQUIP;Em Aberto;10/08/2026;10/08/2026;41;Gibson Ribeiro;12;28/42/56 DIAS;;1.20.04.01.01.00064
75724;30/06/2026;67944;Susp PN H440 S/Valv Nivel C/Sensor ABS 3099003X79 KLL, Bitola 1836,Ajustador Automatico, Rodado Duplo,Roda Aco;14;PC;14.930,79;24843;SAF-HOLLAND DO BRASIL IND PROD EIXOS E EQUIP;Em Aberto;20/08/2026;20/08/2026;41;Gibson Ribeiro;12;28/42/56 DIAS;;1.20.04.01.01.00064
76010;10/07/2026;67944;Susp PN H440 S/Valv Nivel C/Sensor ABS 3099003X79 KLL, Bitola 1836,Ajustador Automatico, Rodado Duplo,Roda Aco;12;PC;14.706,83;24843;SAF-HOLLAND DO BRASIL IND PROD EIXOS E EQUIP;Em Aberto;01/09/2026;01/09/2026;41;Gibson Ribeiro;12;28/42/56 DIAS;;1.20.04.01.01.00064
76012;10/07/2026;67944;Susp PN H440 S/Valv Nivel C/Sensor ABS 3099003X79 KLL, Bitola 1836,Ajustador Automatico, Rodado Duplo,Roda Aco;10;PC;14.706,83;24843;SAF-HOLLAND DO BRASIL IND PROD EIXOS E EQUIP;Em Aberto;22/09/2026;22/09/2026;41;Gibson Ribeiro;12;28/42/56 DIAS;;1.20.04.01.01.00064
76014;10/07/2026;67944;Susp PN H440 S/Valv Nivel C/Sensor ABS 3099003X79 KLL, Bitola 1836,Ajustador Automatico, Rodado Duplo,Roda Aco;10;PC;14.706,83;24843;SAF-HOLLAND DO BRASIL IND PROD EIXOS E EQUIP;Em Aberto;08/10/2026;08/10/2026;41;Gibson Ribeiro;12;28/42/56 DIAS;;1.20.04.01.01.00064
75313;03/06/2026;67946;Susp PN H440 S/Valv Nivel  3099003X78 - KLL, Bitola 1836, Camara DuplaAjustador Automatico, Rodado Duplo,Roda Aco;2;PC;14.617,03;24843;SAF-HOLLAND DO BRASIL IND PROD EIXOS E EQUIP;Em Aberto;14/07/2026;14/07/2026;41;Gibson Ribeiro;12;28/42/56 DIAS;;1.20.04.01.01.00065
75601;22/06/2026;67946;Susp PN H440 S/Valv Nivel  3099003X78 - KLL, Bitola 1836, Camara DuplaAjustador Automatico, Rodado Duplo,Roda Aco;3;PC;14.617,03;24843;SAF-HOLLAND DO BRASIL IND PROD EIXOS E EQUIP;Em Aberto;10/08/2026;10/08/2026;41;Gibson Ribeiro;12;28/42/56 DIAS;;1.20.04.01.01.00065
75724;30/06/2026;67946;Susp PN H440 S/Valv Nivel  3099003X78 - KLL, Bitola 1836, Camara DuplaAjustador Automatico, Rodado Duplo,Roda Aco;2;PC;14.617,03;24843;SAF-HOLLAND DO BRASIL IND PROD EIXOS E EQUIP;Em Aberto;20/08/2026;20/08/2026;41;Gibson Ribeiro;12;28/42/56 DIAS;;1.20.04.01.01.00065
75313;03/06/2026;67947;Susp PN H440 S/Valv Nivel Simples  3099003X99 - KLL, Bitola 1836,Camara Simples, Ajustador Automatico, Rodado Duplo, Roda Aco;17;PC;14.152,47;24843;SAF-HOLLAND DO BRASIL IND PROD EIXOS E EQUIP;Em Aberto;14/07/2026;14/07/2026;41;Gibson Ribeiro;12;28/42/56 DIAS;;1.20.04.01.01.00066
75404;10/06/2026;67947;Susp PN H440 S/Valv Nivel Simples  3099003X99 - KLL, Bitola 1836,Camara Simples, Ajustador Automatico, Rodado Duplo, Roda Aco;6;PC;14.152,47;24843;SAF-HOLLAND DO BRASIL IND PROD EIXOS E EQUIP;Em Aberto;28/07/2026;28/07/2026;41;Gibson Ribeiro;12;28/42/56 DIAS;;1.20.04.01.01.00066
75601;22/06/2026;67947;Susp PN H440 S/Valv Nivel Simples  3099003X99 - KLL, Bitola 1836,Camara Simples, Ajustador Automatico, Rodado Duplo, Roda Aco;10;PC;14.152,47;24843;SAF-HOLLAND DO BRASIL IND PROD EIXOS E EQUIP;Em Aberto;10/08/2026;10/08/2026;41;Gibson Ribeiro;12;28/42/56 DIAS;;1.20.04.01.01.00066
75724;30/06/2026;67947;Susp PN H440 S/Valv Nivel Simples  3099003X99 - KLL, Bitola 1836,Camara Simples, Ajustador Automatico, Rodado Duplo, Roda Aco;11;PC;14.152,47;24843;SAF-HOLLAND DO BRASIL IND PROD EIXOS E EQUIP;Em Aberto;20/08/2026;20/08/2026;41;Gibson Ribeiro;12;28/42/56 DIAS;;1.20.04.01.01.00066
76010;10/07/2026;67947;Susp PN H440 S/Valv Nivel Simples  3099003X99 - KLL, Bitola 1836,Camara Simples, Ajustador Automatico, Rodado Duplo, Roda Aco;12;PC;13.940,18;24843;SAF-HOLLAND DO BRASIL IND PROD EIXOS E EQUIP;Em Aberto;01/09/2026;01/09/2026;41;Gibson Ribeiro;12;28/42/56 DIAS;;1.20.04.01.01.00066
76012;10/07/2026;67947;Susp PN H440 S/Valv Nivel Simples  3099003X99 - KLL, Bitola 1836,Camara Simples, Ajustador Automatico, Rodado Duplo, Roda Aco;10;PC;13.940,18;24843;SAF-HOLLAND DO BRASIL IND PROD EIXOS E EQUIP;Em Aberto;22/09/2026;22/09/2026;41;Gibson Ribeiro;12;28/42/56 DIAS;;1.20.04.01.01.00066
76014;10/07/2026;67947;Susp PN H440 S/Valv Nivel Simples  3099003X99 - KLL, Bitola 1836,Camara Simples, Ajustador Automatico, Rodado Duplo, Roda Aco;10;PC;13.940,18;24843;SAF-HOLLAND DO BRASIL IND PROD EIXOS E EQUIP;Em Aberto;08/10/2026;08/10/2026;41;Gibson Ribeiro;12;28/42/56 DIAS;;1.20.04.01.01.00066
76000;10/07/2026;68375;Calco Pneu Caminhao 15x15x30cm(Preto) - Ref:18937;8;PC;52,9;20556;ZEUS DO BRASIL LTDA.             ;Em Aberto;28/07/2026;28/07/2026;55;Gabriel André Bertram;6;28 DIAS;;1.23.01.01.01.00140
75896;07/07/2026;68459;Carcaca Ref:20516-PEP - Reitz;1;PC;652,09;20278;REITZ INDUSTRIA MECANICA LTDA.;Em Aberto;30/08/2026;30/08/2026;55;Gabriel André Bertram;12;28/42/56 DIAS;;4.01.07.02.01.00019
75896;07/07/2026;68462;Anel Dentado Ref:6802 - Reitz;2;PC;194,72;20278;REITZ INDUSTRIA MECANICA LTDA.;Em Aberto;30/08/2026;30/08/2026;55;Gabriel André Bertram;12;28/42/56 DIAS;;4.01.07.02.01.00022
75896;07/07/2026;68463;Rolamento Ref:260908 - Reitz;2;PC;71,01;20278;REITZ INDUSTRIA MECANICA LTDA.;Em Aberto;30/08/2026;30/08/2026;55;Gabriel André Bertram;12;28/42/56 DIAS;;4.01.07.02.01.00023
75420;11/06/2026;68597;Kit New SmartBoard (c/ Bateria) 400 609 037 0;2;PC;1.700,48;24557;ZF AUTOMOTIVE BRASIL LTDA;Em Aberto;11/07/2026;11/07/2026;41;Gibson Ribeiro;9;28/42 DIAS;;1.20.08.01.01.00151
75420;11/06/2026;68598;Cabo Smortboard 6m WABCO - Ref:449 911 060 0;1;PC;281,04;24557;ZF AUTOMOTIVE BRASIL LTDA;Em Aberto;11/07/2026;11/07/2026;41;Gibson Ribeiro;9;28/42 DIAS;;1.20.08.01.01.00152
75981;09/07/2026;68680;Cilindro PN Simples Acao - Pistao Trava - MARCOPLO - 50311229 - BAG;10;PC;164,68;24341;MARCOPOLO S/A;Em Aberto;14/08/2026;14/08/2026;109;Marcia - Compras;10;30/60 DIAS;;1.15.05.01.01.00086
75981;09/07/2026;68681;Cj Trinco Portinhola C/Bloqueio - MARCOPOLO - 50316460;10;PC;210,02;24341;MARCOPOLO S/A;Em Aberto;14/08/2026;14/08/2026;109;Marcia - Compras;10;30/60 DIAS;;1.15.05.01.01.00087
75981;09/07/2026;68819;Tampa Trinco Portinhola - MARCOPOLO - 50312875 - Bag;10;PC;29,89;24341;MARCOPOLO S/A;Em Aberto;14/08/2026;14/08/2026;109;Marcia - Compras;10;30/60 DIAS;;1.15.05.01.01.00089
75981;09/07/2026;68820;Varao Inferior Guia - MARCOPOLO - 50335664 - Bag;10;PC;191,62;24341;MARCOPOLO S/A;Em Aberto;14/08/2026;14/08/2026;109;Marcia - Compras;10;30/60 DIAS;;1.15.05.01.01.00090
75981;09/07/2026;68821;Tampa Mancal Sup Varao - MARCOPLO - 50312807 - Bag;40;PC;6,18;24341;MARCOPOLO S/A;Em Aberto;14/08/2026;14/08/2026;109;Marcia - Compras;10;30/60 DIAS;;1.15.05.01.01.00091
75981;09/07/2026;68822;Base Mancal Inf Varao - MARCOPOLO - 50312808 - Bag;40;PC;4,55;24341;MARCOPOLO S/A;Em Aberto;14/08/2026;14/08/2026;109;Marcia - Compras;10;30/60 DIAS;;1.15.05.01.01.00092
75981;09/07/2026;68823;Conjunto Suporte Mola Gas LD Portinholas - MARCOPOLO - 50336062;10;PC;62,23;24341;MARCOPOLO S/A;Em Aberto;14/08/2026;14/08/2026;109;Marcia - Compras;10;30/60 DIAS;;1.15.05.01.01.00093
75981;09/07/2026;68824;Conjunto Suporte Mola Gas LE Portinholas - MARCOPOLO - 50336063;10;PC;59,05;24341;MARCOPOLO S/A;Em Aberto;14/08/2026;14/08/2026;109;Marcia - Compras;10;30/60 DIAS;;1.15.05.01.01.00094
75981;09/07/2026;68827;Conjunto Engate Trinco Varao Portinhola - MARCOPOLO - 50319056;20;PC;35,03;24341;MARCOPOLO S/A;Em Aberto;14/08/2026;14/08/2026;109;Marcia - Compras;10;30/60 DIAS;;1.15.05.01.01.00097
75981;09/07/2026;68828;Paraf Sext Trilobular (Ref:9900341 - MARCOPOLO);40;PC;0,99;24341;MARCOPOLO S/A;Em Aberto;14/08/2026;14/08/2026;109;Marcia - Compras;10;30/60 DIAS;;1.15.05.01.01.00098
75981;09/07/2026;68829;Paraf Sext M6x20 (Ref:99010020 - MARCOPOLO);20;PC;1,48;24341;MARCOPOLO S/A;Em Aberto;14/08/2026;14/08/2026;109;Marcia - Compras;10;30/60 DIAS;;1.15.05.01.01.00099
75608;23/06/2026;68879;(1) Cola Adesiva Super Bonder;5;PC;7,86;20141;FERRAMENTAS GERAIS COMERCIO IMP DE FERRAM. E MAQUINAS LTDA;Em Aberto;23/06/2026;23/06/2026;41;Gibson Ribeiro;84;42 dias;;4.01.21.01.02.00542
75940;09/07/2026;68998;Porca Sext Autotravante 3/4';10;PC;4,97;25169;DL FERRAGENS E FERRAMENTAS LTDA;Em Aberto;24/07/2026;24/07/2026;55;Gabriel André Bertram;6;28 DIAS;;1.04.02.01.08.00024
75899;07/07/2026;69769;Tampa Superior 790;1;PC;175,63;24808;DAKEN BRASIL LTDA;Em Aberto;10/07/2026;10/07/2026;109;Marcia - Compras;6;28 DIAS;;4.01.21.01.02.00679
75125;28/05/2026;69773;Camiseta Cinza Op Producao - M -;60;PC;27,9;23358;KELLEN UNIFORMES LTDA;Em Aberto;12/07/2026;12/07/2026;55;Gabriel André Bertram;39;30/60/90;;3.01.01.01.10.00024
73442;05/03/2026;69773;Camiseta Cinza Op Producao - M -;50;PC;27,9;23358;KELLEN UNIFORMES LTDA;Atendido Parcial;10/04/2026;31/07/2026;55;Gabriel André Bertram;39;30/60/90;28/04/2026;3.01.01.01.10.00024
75125;28/05/2026;69774;Camiseta Cinza Op Producao - G -;60;PC;27,9;23358;KELLEN UNIFORMES LTDA;Em Aberto;12/07/2026;12/07/2026;55;Gabriel André Bertram;39;30/60/90;;3.01.01.01.10.00025
73442;05/03/2026;69776;Camiseta Cinza Op Producao - XG -;30;PC;27,9;23358;KELLEN UNIFORMES LTDA;Atendido Parcial;10/04/2026;31/07/2026;55;Gabriel André Bertram;39;30/60/90;16/04/2026;3.01.01.01.10.00027
75125;28/05/2026;69777;Camiseta Azul Lideres - M -;10;PC;27,9;23358;KELLEN UNIFORMES LTDA;Em Aberto;12/07/2026;12/07/2026;55;Gabriel André Bertram;39;30/60/90;;3.01.01.01.10.00028
75125;28/05/2026;69778;Camiseta Azul Lideres - G -;10;PC;27,9;23358;KELLEN UNIFORMES LTDA;Em Aberto;12/07/2026;12/07/2026;55;Gabriel André Bertram;39;30/60/90;;3.01.01.01.10.00029
75125;28/05/2026;69780;Camiseta Azul Lideres - XG -;10;PC;27,9;23358;KELLEN UNIFORMES LTDA;Em Aberto;12/07/2026;12/07/2026;55;Gabriel André Bertram;39;30/60/90;;3.01.01.01.10.00031
75457;12/06/2026;69895;Suporte Placa Advertencia 300x300REF:3021 00 90 60;50;PC;12,11;22472;SINALSUL INDUSTRIA DE AUTO PECAS LTDA;Em Aberto;17/07/2026;17/07/2026;109;Marcia - Compras;28;28/56/84 DIAS;;1.05.01.11.04.00057
75657;25/06/2026;69895;Suporte Placa Advertencia 300x300REF:3021 00 90 60;40;PC;12,11;22472;SINALSUL INDUSTRIA DE AUTO PECAS LTDA;Em Aberto;24/07/2026;24/07/2026;109;Marcia - Compras;28;28/56/84 DIAS;;1.05.01.11.04.00057
75846;03/07/2026;69895;Suporte Placa Advertencia 300x300REF:3021 00 90 60;80;PC;12,11;22472;SINALSUL INDUSTRIA DE AUTO PECAS LTDA;Em Aberto;31/07/2026;31/07/2026;109;Marcia - Compras;28;28/56/84 DIAS;;1.05.01.11.04.00057
75457;12/06/2026;69896;Suporte Placa Advertencia 300x400REF:3025 00 90 60;50;PC;13,81;22472;SINALSUL INDUSTRIA DE AUTO PECAS LTDA;Em Aberto;17/07/2026;17/07/2026;109;Marcia - Compras;28;28/56/84 DIAS;;1.05.01.11.04.00058
75657;25/06/2026;69896;Suporte Placa Advertencia 300x400REF:3025 00 90 60;40;PC;13,81;22472;SINALSUL INDUSTRIA DE AUTO PECAS LTDA;Em Aberto;24/07/2026;24/07/2026;109;Marcia - Compras;28;28/56/84 DIAS;;1.05.01.11.04.00058
75847;03/07/2026;70044;Arruela Excentrica - PT (C);5.000,00;PC;0,3;22963;LAERCIO DIMAS POLTRONIERI COM E REP.;Em Aberto;18/09/2026;18/09/2026;109;Marcia - Compras;6;28 DIAS;;1.99.04.01.03.00024
75960;09/07/2026;70126;Pneus Michelin 275/80r22.5 Multi Z;8;PC;2.153,20;21087;SOC.MICHELIN PARTICIP.IND.COM. LTDA;Em Aberto;16/07/2026;16/07/2026;41;Gibson Ribeiro;12;28/42/56 DIAS;;1.20.06.01.01.00025
76017;13/07/2026;70406;Lubgrind 22;200;L;25,37;23980;LUBSUL EQUIPAMENTOS E ANTIFRICCAO LTDA;Em Aberto;20/07/2026;20/07/2026;55;Gabriel André Bertram;26;28/56;;4.01.03.01.01.00028
75950;09/07/2026;70509;Mola Protetor Flexao 500.5647 BINZEL;4;PC;19,9;20821;BLU SOLDAS FERRAMENTAS  LTDA.;Em Aberto;23/07/2026;23/07/2026;55;Gabriel André Bertram;28;28/56/84 DIAS;;4.02.02.01.01.00039
75950;09/07/2026;70670;Suporte Meia Esfera D=37 EVO 400.D451 Binzel;5;PC;17,9;20821;BLU SOLDAS FERRAMENTAS  LTDA.;Em Aberto;23/07/2026;23/07/2026;55;Gabriel André Bertram;28;28/56/84 DIAS;;4.01.02.01.01.00137
75592;19/06/2026;70723;Regulador Pressao CO² SR311;3;PC;2.810,52;23118;VTR BRASIL COM EQUIP. OXICORTE EIRELI - EPP;Em Aberto;26/06/2026;03/07/2026;109;Marcia - Compras;7;30 DIAS;;4.01.21.01.02.00816
75818;03/07/2026;71003;Paraf AA Cab OV 4,8x24 ZB Torx T25 Ponta BrocaRef:97400A1 DP;1.400,00;CT;12,01;21019;CISER CIA.INDUST.H.CARLOS SCHNEIDER;Em Aberto;03/09/2026;03/09/2026;55;Gabriel André Bertram;39;30/60/90;;1.99.04.01.01.00081
75556;18/06/2026;71239;Pe Hidropneumatico 535mm Completo 28T C/Sapata'S';2;CJ;11.000,00;23815;MPF EQUIPAMENTOS HIDRAULICOS LTDA;Em Aberto;11/07/2026;11/07/2026;41;Gibson Ribeiro;12;28/42/56 DIAS;;1.20.01.01.01.00176
75722;30/06/2026;71343;Susp PN H470 Bit 1836 C/ABS 3099003X90-KLL;6;PC;15.540,48;24843;SAF-HOLLAND DO BRASIL IND PROD EIXOS E EQUIP;Em Aberto;05/08/2026;05/08/2026;41;Gibson Ribeiro;12;28/42/56 DIAS;;1.20.04.01.01.00077
76009;10/07/2026;71343;Susp PN H470 Bit 1836 C/ABS 3099003X90-KLL;5;PC;15.307,37;24843;SAF-HOLLAND DO BRASIL IND PROD EIXOS E EQUIP;Em Aberto;01/09/2026;01/09/2026;41;Gibson Ribeiro;12;28/42/56 DIAS;;1.20.04.01.01.00077
75722;30/06/2026;71344;Susp PN H470 Bit 1836 S/ABS Simples3099003X92-KLL;6;PC;14.747,30;24843;SAF-HOLLAND DO BRASIL IND PROD EIXOS E EQUIP;Em Aberto;05/08/2026;05/08/2026;41;Gibson Ribeiro;12;28/42/56 DIAS;;1.20.04.01.01.00088
76009;10/07/2026;71344;Susp PN H470 Bit 1836 S/ABS Simples3099003X92-KLL;5;PC;14.526,09;24843;SAF-HOLLAND DO BRASIL IND PROD EIXOS E EQUIP;Em Aberto;01/09/2026;01/09/2026;41;Gibson Ribeiro;12;28/42/56 DIAS;;1.20.04.01.01.00088
75723;30/06/2026;71345;Susp PN H470 Bit 1836 S/ABS Dupla 3099003X91-KLL;3;PC;15.221,47;24843;SAF-HOLLAND DO BRASIL IND PROD EIXOS E EQUIP;Em Aberto;05/08/2026;05/08/2026;41;Gibson Ribeiro;12;28/42/56 DIAS;;1.20.04.01.01.00089
75556;18/06/2026;71367;Pe Hidropneumatico 450mm Completo 28T C/Sapata'T';2;CJ;10.520,00;23815;MPF EQUIPAMENTOS HIDRAULICOS LTDA;Em Aberto;11/07/2026;11/07/2026;41;Gibson Ribeiro;12;28/42/56 DIAS;;1.20.01.01.01.00178
76006;10/07/2026;71711;Arruela Lisa M20 Galv. Fogo;1;CT;106,77;25417;TORNEARIA BARBIERI LTDA.;Em Aberto;24/07/2026;24/07/2026;55;Gabriel André Bertram;7;30 DIAS;;1.04.03.01.01.00062
76006;10/07/2026;71712;Arruela Pressão M20 Galv. Fogo;1;CT;114,51;25417;TORNEARIA BARBIERI LTDA.;Em Aberto;24/07/2026;24/07/2026;55;Gabriel André Bertram;7;30 DIAS;;1.21.01.01.01.00783
75973;09/07/2026;72071;Acabamento Sup/Inf Varao16 INOX PL25;10;PC;17,81;22193;BAUMANN IND E COM DE ACOS LTDA;Em Aberto;07/08/2026;07/08/2026;109;Marcia - Compras;7;30 DIAS;;1.15.05.01.01.00102
75959;09/07/2026;72183;Encoder Indutivo P/Medicao Rotacao Absoluto Saida Analogica M12100029756 - RI360P0-QR24M0-ELIU5X2LD-H1151;2;PC;1.412,36;24034;TURCK DO BRASIL AUTOMACAO LTDA;Em Aberto;27/07/2026;27/07/2026;109;Marcia - Compras;23;30/60/90 DIAS;;1.23.01.01.01.00303
75969;09/07/2026;72183;Encoder Indutivo P/Medicao Rotacao Absoluto Saida Analogica M12100029756 - RI360P0-QR24M0-ELIU5X2LD-H1151;10;PC;1.412,36;24034;TURCK DO BRASIL AUTOMACAO LTDA;Em Aberto;24/07/2026;24/07/2026;109;Marcia - Compras;23;30/60/90 DIAS;;1.23.01.01.01.00303
75582;19/06/2026;72195;Conexao Uniao Macho Aco - 10x9/16  UNF-L Longa;40;PC;31,3;21032;HANSA-FLEX DO BRASIL LTDA.;Em Aberto;26/06/2026;27/07/2026;109;Marcia - Compras;6;28 DIAS;;1.23.01.01.01.00304
75959;09/07/2026;72221;Atuador P/ Encoder Medicao Eixo 20mm1590921 - P1-R1QR24;2;PC;173,57;24034;TURCK DO BRASIL AUTOMACAO LTDA;Em Aberto;27/07/2026;27/07/2026;109;Marcia - Compras;23;30/60/90 DIAS;;1.23.01.01.01.00307
75969;09/07/2026;72221;Atuador P/ Encoder Medicao Eixo 20mm1590921 - P1-R1QR24;10;PC;173,57;24034;TURCK DO BRASIL AUTOMACAO LTDA;Em Aberto;24/07/2026;24/07/2026;109;Marcia - Compras;23;30/60/90 DIAS;;1.23.01.01.01.00307
75487;12/06/2026;72223;Arame Cobreado Sólido Solda Robo MIG/MAG - 1,20mm (Barrica) AWS A5.18 ER70S-6;560;KG;12,99;23066;ARCELORMITTAL BRASIL S A;Em Aberto;10/07/2026;10/07/2026;109;Marcia - Compras;136;44-59-74 dias;;1.14.01.01.01.00016
75982;09/07/2026;72223;Arame Cobreado Sólido Solda Robo MIG/MAG - 1,20mm (Barrica) AWS A5.18 ER70S-6;560;KG;12,99;23066;ARCELORMITTAL BRASIL S A;Em Aberto;06/08/2026;06/08/2026;109;Marcia - Compras;136;44-59-74 dias;;1.14.01.01.01.00016
75993;10/07/2026;72330;Pneus Firestone 295/80r22.5 FS-440;2;PC;1.918,50;23100;BRIDGESTONE DO BRASIL IND E COM LTDA;Em Aberto;28/07/2026;28/07/2026;41;Gibson Ribeiro;10;30/60 DIAS;;1.20.06.01.01.00027
75757;30/06/2026;72421;Bobina #3/16 Preta 4,76x162mm Slitter(Cartola 25);14.000,00;KG;5,15;24937;MALTA RIO INDUSTRIAL LTDA;Em Aberto;31/07/2026;31/07/2026;109;Marcia - Compras;45;30/45/60/75;;1.01.01.04.01.00081
75525;17/06/2026;72513;Eixo Disco 1860 11t IBERO - ETL.010.ND7.0AG;60;CJ;5.808,32;23303;IBERO INDUSTRIA BRASILEIRA DE EQUIP. RODOV. S A;Em Aberto;05/08/2026;05/08/2026;41;Gibson Ribeiro;23;30/60/90 DIAS;;1.20.05.01.01.00021
75525;17/06/2026;72514;Eixo Disco 1860 11t IBERO C/ABS - ETL.010.ND7.AAG;30;CJ;6.132,63;23303;IBERO INDUSTRIA BRASILEIRA DE EQUIP. RODOV. S A;Em Aberto;05/08/2026;05/08/2026;41;Gibson Ribeiro;23;30/60/90 DIAS;;1.20.05.01.01.00022
75502;15/06/2026;72530;Paraf Sext FL AA PB AC 4,2x13 RI ZBREF:22056301 - CISER;1.000,00;CT;7,16;21019;CISER CIA.INDUST.H.CARLOS SCHNEIDER;Em Aberto;13/09/2026;13/09/2026;55;Gabriel André Bertram;39;30/60/90;;1.99.04.01.01.00082
75725;30/06/2026;73015;Bico Contato M6x45mmx1,2mm Tipo R PanasonicREF:003384 POWERMIG;20;PC;12,8;25458;HYPERMIG SOLUTIONS LTDA;Atendido Parcial;08/07/2026;17/07/2026;55;Gabriel André Bertram;6;28 DIAS;;2.11.01.01.01.00002
73222;25/02/2026;73478;Servico de Manutencao;1;PC;5.500,00;22922;BLUPREV SEGURANCA DO TRABLHO LTDA ME;Em Aberto;01/04/2026;31/07/2026;55;Gabriel André Bertram;150;ANTECIPADO/ENTREGA/30 DIAS;;4.01.21.01.02.00932
74204;09/04/2026;73478;Servico de Manutencao;1;PC;6.250,00;23228;BREVIL - BREMER & MARCOVIL METAL LTDA;Em Aberto;30/04/2026;31/07/2026;55;Gabriel André Bertram;26;28/56;;4.01.21.01.02.00932
75993;10/07/2026;73509;Pneus Bridgestone 295/80r22.5 R-269;4;PC;2.111,90;23100;BRIDGESTONE DO BRASIL IND E COM LTDA;Em Aberto;15/07/2026;15/07/2026;41;Gibson Ribeiro;10;30/60 DIAS;;1.20.06.01.01.00031
74149;08/04/2026;73890;Puncao Postico 5mm (Ref: M043383-001);60;PC;117,675;22367;METALURGICA VARZEA PAULISTA S/A;Em Aberto;30/04/2026;02/07/2026;55;Gabriel André Bertram;82;15 dias;;4.01.21.01.02.00957
76022;13/07/2026;74071;Vergalhao Aco 10mm (Construcao);462;PC;12,487;25426;FRAGON PRESTADORA DE SERVICOS E COMERCIO DE MATERIAIS DE CON;Em Aberto;27/07/2026;27/07/2026;206;Leonardo Pereira Falconeli Dos Santos;82;15 dias;;4.01.14.01.02.00034
76022;13/07/2026;74071;Vergalhao Aco 10mm (Construcao);588;PC;11,2;25426;FRAGON PRESTADORA DE SERVICOS E COMERCIO DE MATERIAIS DE CON;Em Aberto;27/07/2026;27/07/2026;206;Leonardo Pereira Falconeli Dos Santos;82;15 dias;;4.01.14.01.02.00034
76022;13/07/2026;74071;Vergalhao Aco 10mm (Construcao);913;PC;10,04;25426;FRAGON PRESTADORA DE SERVICOS E COMERCIO DE MATERIAIS DE CON;Em Aberto;27/07/2026;27/07/2026;206;Leonardo Pereira Falconeli Dos Santos;82;15 dias;;4.01.14.01.02.00034
73213;25/02/2026;74158;Arla Shell Evolux;3.000,00;L;2,99;22445;AUTO POSTO MANARIN LTDA;Atendido Parcial;31/12/2026;31/12/2026;55;Gabriel André Bertram;3;10 DIAS;19/06/2026 - 26/06/2026 - 03/07/2026;3.42.01.01.01.00033
74919;18/05/2026;75001;Gancho Amarracao Carga 9,53(3/8);200;PC;11,72;24330;METALURGICA CECHINATO LTDA;Atendido Parcial;22/06/2026;10/07/2026;109;Marcia - Compras;14;30/45/60 DIAS;01/07/2026;1.15.03.01.01.00058
74850;15/05/2026;75046;Tinta PU W-Thane HBD 503 R Preto Cod Paumar - 14478861;50;BD;573,94;23573;WEG TINTAS LTDA;Em Aberto;24/07/2026;24/07/2026;104;Jonas Linshalm;6;28 DIAS;;1.06.01.01.02.00065
74853;15/05/2026;75046;Tinta PU W-Thane HBD 503 R Preto Cod Paumar - 14478861;50;BD;573,94;23573;WEG TINTAS LTDA;Em Aberto;07/08/2026;07/08/2026;104;Jonas Linshalm;6;28 DIAS;;1.06.01.01.02.00065
74855;15/05/2026;75046;Tinta PU W-Thane HBD 503 R Preto Cod Paumar - 14478861;50;BD;573,94;23573;WEG TINTAS LTDA;Em Aberto;20/08/2026;20/08/2026;104;Jonas Linshalm;6;28 DIAS;;1.06.01.01.02.00065
74857;15/05/2026;75046;Tinta PU W-Thane HBD 503 R Preto Cod Paumar - 14478861;50;BD;573,94;23573;WEG TINTAS LTDA;Em Aberto;27/08/2026;27/08/2026;104;Jonas Linshalm;6;28 DIAS;;1.06.01.01.02.00065
74858;15/05/2026;75046;Tinta PU W-Thane HBD 503 R Preto Cod Paumar - 14478861;50;BD;573,94;23573;WEG TINTAS LTDA;Em Aberto;31/08/2026;31/08/2026;104;Jonas Linshalm;6;28 DIAS;;1.06.01.01.02.00065
74850;15/05/2026;75047;Catalisador W-Thane 5005 P/ HBD 503 R cod Paumar - 14802028;50;LT;179,96;23573;WEG TINTAS LTDA;Em Aberto;24/07/2026;24/07/2026;104;Jonas Linshalm;6;28 DIAS;;1.06.01.01.02.00066
74853;15/05/2026;75047;Catalisador W-Thane 5005 P/ HBD 503 R cod Paumar - 14802028;50;LT;179,96;23573;WEG TINTAS LTDA;Em Aberto;07/08/2026;07/08/2026;104;Jonas Linshalm;6;28 DIAS;;1.06.01.01.02.00066
74855;15/05/2026;75047;Catalisador W-Thane 5005 P/ HBD 503 R cod Paumar - 14802028;50;LT;179,96;23573;WEG TINTAS LTDA;Em Aberto;20/08/2026;20/08/2026;104;Jonas Linshalm;6;28 DIAS;;1.06.01.01.02.00066
74857;15/05/2026;75047;Catalisador W-Thane 5005 P/ HBD 503 R cod Paumar - 14802028;50;LT;179,96;23573;WEG TINTAS LTDA;Em Aberto;27/08/2026;27/08/2026;104;Jonas Linshalm;6;28 DIAS;;1.06.01.01.02.00066
74858;15/05/2026;75047;Catalisador W-Thane 5005 P/ HBD 503 R cod Paumar - 14802028;50;LT;179,96;23573;WEG TINTAS LTDA;Em Aberto;31/08/2026;31/08/2026;104;Jonas Linshalm;6;28 DIAS;;1.06.01.01.02.00066
75668;26/06/2026;75111;Chapa 16mm # 2500x6000 STRENX 700E;1.884,00;KG;14,77;23996;SSAB SWEDISH STEEL COMERCIO DE ACO LTDA;Em Aberto;14/07/2026;14/07/2026;109;Marcia - Compras;14;30/45/60 DIAS;;1.01.01.18.01.00026
74941;19/05/2026;75129;Chapa Xadrez 4,76(3/16'')1500x2500mm A36;25.000,00;KG;5,25;24327;SOLUCOES EM ACO USIMINAS S/A;Em Aberto;07/08/2026;07/08/2026;109;Marcia - Compras;14;30/45/60 DIAS;;1.01.01.04.04.00004
74941;19/05/2026;75129;Chapa Xadrez 4,76(3/16'')1500x2500mm A36;25.000,00;KG;5,25;24327;SOLUCOES EM ACO USIMINAS S/A;Em Aberto;14/08/2026;14/08/2026;109;Marcia - Compras;14;30/45/60 DIAS;;1.01.01.04.04.00004
74941;19/05/2026;75129;Chapa Xadrez 4,76(3/16'')1500x2500mm A36;25.000,00;KG;5,25;24327;SOLUCOES EM ACO USIMINAS S/A;Em Aberto;21/08/2026;21/08/2026;109;Marcia - Compras;14;30/45/60 DIAS;;1.01.01.04.04.00004
74941;19/05/2026;75129;Chapa Xadrez 4,76(3/16'')1500x2500mm A36;25.000,00;KG;5,25;24327;SOLUCOES EM ACO USIMINAS S/A;Em Aberto;28/08/2026;28/08/2026;109;Marcia - Compras;14;30/45/60 DIAS;;1.01.01.04.04.00004
74942;19/05/2026;75129;Chapa Xadrez 4,76(3/16'')1500x2500mm A36;25.000,00;KG;5,25;24327;SOLUCOES EM ACO USIMINAS S/A;Em Aberto;04/09/2026;04/09/2026;109;Marcia - Compras;14;30/45/60 DIAS;;1.01.01.04.04.00004
74942;19/05/2026;75129;Chapa Xadrez 4,76(3/16'')1500x2500mm A36;25.000,00;KG;5,25;24327;SOLUCOES EM ACO USIMINAS S/A;Em Aberto;11/09/2026;11/09/2026;109;Marcia - Compras;14;30/45/60 DIAS;;1.01.01.04.04.00004
74942;19/05/2026;75129;Chapa Xadrez 4,76(3/16'')1500x2500mm A36;25.000,00;KG;5,25;24327;SOLUCOES EM ACO USIMINAS S/A;Em Aberto;18/09/2026;18/09/2026;109;Marcia - Compras;14;30/45/60 DIAS;;1.01.01.04.04.00004
74942;19/05/2026;75129;Chapa Xadrez 4,76(3/16'')1500x2500mm A36;25.000,00;KG;5,25;24327;SOLUCOES EM ACO USIMINAS S/A;Em Aberto;25/09/2026;25/09/2026;109;Marcia - Compras;14;30/45/60 DIAS;;1.01.01.04.04.00004
74943;19/05/2026;75129;Chapa Xadrez 4,76(3/16'')1500x2500mm A36;25.000,00;KG;5,25;24327;SOLUCOES EM ACO USIMINAS S/A;Em Aberto;09/10/2026;09/10/2026;109;Marcia - Compras;14;30/45/60 DIAS;;1.01.01.04.04.00004
74943;19/05/2026;75129;Chapa Xadrez 4,76(3/16'')1500x2500mm A36;25.000,00;KG;5,25;24327;SOLUCOES EM ACO USIMINAS S/A;Em Aberto;16/10/2026;16/10/2026;109;Marcia - Compras;14;30/45/60 DIAS;;1.01.01.04.04.00004
74943;19/05/2026;75129;Chapa Xadrez 4,76(3/16'')1500x2500mm A36;25.000,00;KG;5,25;24327;SOLUCOES EM ACO USIMINAS S/A;Em Aberto;23/10/2026;23/10/2026;109;Marcia - Compras;14;30/45/60 DIAS;;1.01.01.04.04.00004
74943;19/05/2026;75129;Chapa Xadrez 4,76(3/16'')1500x2500mm A36;25.000,00;KG;5,25;24327;SOLUCOES EM ACO USIMINAS S/A;Em Aberto;30/10/2026;30/10/2026;109;Marcia - Compras;14;30/45/60 DIAS;;1.01.01.04.04.00004
74944;19/05/2026;75129;Chapa Xadrez 4,76(3/16'')1500x2500mm A36;25.000,00;KG;5,25;24327;SOLUCOES EM ACO USIMINAS S/A;Em Aberto;06/11/2026;06/11/2026;109;Marcia - Compras;14;30/45/60 DIAS;;1.01.01.04.04.00004
74944;19/05/2026;75129;Chapa Xadrez 4,76(3/16'')1500x2500mm A36;25.000,00;KG;5,25;24327;SOLUCOES EM ACO USIMINAS S/A;Em Aberto;13/11/2026;13/11/2026;109;Marcia - Compras;14;30/45/60 DIAS;;1.01.01.04.04.00004
74944;19/05/2026;75129;Chapa Xadrez 4,76(3/16'')1500x2500mm A36;25.000,00;KG;5,25;24327;SOLUCOES EM ACO USIMINAS S/A;Em Aberto;19/11/2026;19/11/2026;109;Marcia - Compras;14;30/45/60 DIAS;;1.01.01.04.04.00004
74944;19/05/2026;75129;Chapa Xadrez 4,76(3/16'')1500x2500mm A36;25.000,00;KG;5,25;24327;SOLUCOES EM ACO USIMINAS S/A;Em Aberto;27/11/2026;27/11/2026;109;Marcia - Compras;14;30/45/60 DIAS;;1.01.01.04.04.00004
75946;09/07/2026;75307;Tinta Lacre Vermelha;3;UN;47,25;24470;LF COMERCIAL DE BENS LTDA-ATACADO JOI;Em Aberto;09/07/2026;17/07/2026;55;Gabriel André Bertram;6;28 DIAS;;2.05.01.01.02.00009
75473;12/06/2026;75365;Massa Vedacao BRASCOVED VEDA BAU - Tambor 220kg;1;TB;6.312,68;20036;BRASCOLA LTDA.;Em Aberto;10/07/2026;24/07/2026;109;Marcia - Compras;6;28 DIAS;;1.06.01.04.01.00013
75550;17/06/2026;75365;Massa Vedacao BRASCOVED VEDA BAU - Tambor 220kg;1;TB;6.312,68;20036;BRASCOLA LTDA.;Em Aberto;31/07/2026;31/07/2026;109;Marcia - Compras;6;28 DIAS;;1.06.01.04.01.00013
75551;17/06/2026;75365;Massa Vedacao BRASCOVED VEDA BAU - Tambor 220kg;1;TB;6.312,68;20036;BRASCOLA LTDA.;Em Aberto;31/07/2026;05/08/2026;109;Marcia - Compras;6;28 DIAS;;1.06.01.04.01.00013
75940;09/07/2026;75856;Grampo R 6 x 126;100;PC;8,966;25169;DL FERRAGENS E FERRAMENTAS LTDA;Em Aberto;24/07/2026;24/07/2026;55;Gabriel André Bertram;6;28 DIAS;;1.23.01.01.01.00394
74008;30/03/2026;76938;Oxigenio Carga Ind Cilindro G;10;UN;228,41;20534;WHITE MARTINS GASES INDUST. LTDA;Atendido Parcial;30/12/2026;30/12/2026;55;Gabriel André Bertram;6;28 DIAS;27/03/2026;2.06.01.01.01.00040
75961;09/07/2026;76939;Valvula Esfera Mini 'L' Femea 1/4BSP-06720.00.002FABRICANTE - AIGNEP;4;PC;80;24146;PHG AUTOMACAO INDUSTRIAL LTDA EPP;Em Aberto;27/07/2026;27/07/2026;109;Marcia - Compras;6;28 DIAS;;1.20.08.01.01.00225
75797;02/07/2026;77008;Paraf Sextavado M16x50mm Galv. Fogo;1;CT;747,42;25417;TORNEARIA BARBIERI LTDA.;Em Aberto;10/07/2026;10/07/2026;55;Gabriel André Bertram;23;30/60/90 DIAS;;1.04.01.09.01.00691
75961;09/07/2026;77375;Valvula Sol Mola 1/2 3/2Vias - 01V503N005;15;PC;1.375,00;24146;PHG AUTOMACAO INDUSTRIAL LTDA EPP;Em Aberto;27/07/2026;27/07/2026;109;Marcia - Compras;6;28 DIAS;;1.23.01.01.01.00459
75961;09/07/2026;77376;Solenoide 24VCC 2W 9mm - SOL01024C3000;15;PC;80;24146;PHG AUTOMACAO INDUSTRIAL LTDA EPP;Em Aberto;27/07/2026;27/07/2026;109;Marcia - Compras;6;28 DIAS;;1.23.01.01.01.00460
75961;09/07/2026;77377;Plug Din 3P 22mm C/Led Supresor 24VCC - C0N0202400;15;PC;99,9;24146;PHG AUTOMACAO INDUSTRIAL LTDA EPP;Em Aberto;27/07/2026;27/07/2026;109;Marcia - Compras;6;28 DIAS;;1.23.01.01.01.00461
75961;09/07/2026;77378;Silenciador Medio Fluxo 1/2'BSP;15;PC;9,6;24146;PHG AUTOMACAO INDUSTRIAL LTDA EPP;Em Aberto;27/07/2026;27/07/2026;109;Marcia - Compras;6;28 DIAS;;1.23.01.01.01.00462
75655;25/06/2026;77643;Geladeira Externa Grand 85 Litros 12V/24V;1;UN;2.772,00;24683;ELBER INDUSTRIA DE REFRIGERACAO LTDA;Em Aberto;13/07/2026;17/07/2026;109;Marcia - Compras;6;28 DIAS;;1.05.01.11.04.00066
75948;09/07/2026;77643;Geladeira Externa Grand 85 Litros 12V/24V;1;UN;2.772,00;24683;ELBER INDUSTRIA DE REFRIGERACAO LTDA;Em Aberto;15/07/2026;15/07/2026;109;Marcia - Compras;6;28 DIAS;;1.05.01.11.04.00066
75471;12/06/2026;78075;Suporte Estepe Roda Disco - SR Mod 2021;60;PC;310;24330;METALURGICA CECHINATO LTDA;Em Aberto;10/07/2026;10/07/2026;109;Marcia - Compras;14;30/45/60 DIAS;;1.20.01.01.01.00186
75837;03/07/2026;78075;Suporte Estepe Roda Disco - SR Mod 2021;80;PC;310;24330;METALURGICA CECHINATO LTDA;Em Aberto;24/07/2026;24/07/2026;109;Marcia - Compras;14;30/45/60 DIAS;;1.20.01.01.01.00186
75464;12/06/2026;78145;Cantoneira 4,76x25,40mm(3/16x1);200;KG;5,95;23066;ARCELORMITTAL BRASIL S A;Em Aberto;11/07/2026;10/07/2026;109;Marcia - Compras;136;44-59-74 dias;;1.09.02.01.01.00049
75662;25/06/2026;78499;Barra Redonda INOX 304  25,40mm 3,97kg/m;8;KG;32;22091;INOX DO BRASIL COMERCIO DE ACO LTDA;Em Aberto;10/07/2026;10/07/2026;109;Marcia - Compras;6;28 DIAS;;1.09.03.02.02.00012
75891;07/07/2026;78669;Perfil Meia Lua DV 7679 - 3 metros;10;PC;179,88;25384;FIX IMPLEMENTOS RODOVIARIOS LTDA;Em Aberto;27/07/2026;27/07/2026;41;Gibson Ribeiro;9;28/42 DIAS;;1.19.01.02.02.00006
75376;09/06/2026;79101;Bocal 20x90mm Tocha 450A/500A Refrigerada Panasoni;6;PC;372;25458;HYPERMIG SOLUTIONS LTDA;Atendido Parcial;15/06/2026;17/07/2026;55;Gabriel André Bertram;6;28 DIAS;12/06/2026;2.08.01.02.01.00023
75762;30/06/2026;200134;Bobina #16 Zn 1,55x285mm Slitter(Long Superior);8.000,00;KG;6,4;25200;SA GONDOLAS DE ACO LTDA;Em Aberto;31/07/2026;31/07/2026;109;Marcia - Compras;14;30/45/60 DIAS;;1.01.02.04.08.00008
75758;30/06/2026;200136;Bobina #16 Zn 1,55x168mm Slitter(Coluna/Viga-Teto);20.000,00;KG;6,4;25200;SA GONDOLAS DE ACO LTDA;Em Aberto;24/07/2026;24/07/2026;109;Marcia - Compras;14;30/45/60 DIAS;;1.01.02.04.08.00010
75759;30/06/2026;200136;Bobina #16 Zn 1,55x168mm Slitter(Coluna/Viga-Teto);20.000,00;KG;6,4;25200;SA GONDOLAS DE ACO LTDA;Em Aberto;31/07/2026;31/07/2026;109;Marcia - Compras;14;30/45/60 DIAS;;1.01.02.04.08.00010
75760;30/06/2026;200136;Bobina #16 Zn 1,55x168mm Slitter(Coluna/Viga-Teto);20.000,00;KG;6,4;25200;SA GONDOLAS DE ACO LTDA;Em Aberto;14/08/2026;14/08/2026;109;Marcia - Compras;14;30/45/60 DIAS;;1.01.02.04.08.00010
75250;02/06/2026;200817;Pe Mecanico J01-CJ ALB280T1BR C/Ext(7.229566)- JOST - 100000153554;5;CJ;2.407,58;20531;JOST BRASIL - SISTEMAS AUTOMOTIVOS;Em Aberto;22/07/2026;22/07/2026;41;Gibson Ribeiro;9;28/42 DIAS;;1.20.01.01.01.00187
75767;01/07/2026;200817;Pe Mecanico J01-CJ ALB280T1BR C/Ext(7.229566)- JOST - 100000153554;5;CJ;2.407,58;20531;JOST BRASIL - SISTEMAS AUTOMOTIVOS;Em Aberto;10/08/2026;10/08/2026;41;Gibson Ribeiro;9;28/42 DIAS;;1.20.01.01.01.00187
75554;17/06/2026;201463;Escada Escamoteavel C/Plataforma - 3 Degraus;1;PC;340;37660;FORBAL IND. AUTOMOTIVE LTDA;Em Aberto;14/07/2026;14/07/2026;41;Gibson Ribeiro;12;28/42/56 DIAS;;1.15.03.01.01.00061
75665;25/06/2026;201463;Escada Escamoteavel C/Plataforma - 3 Degraus;3;PC;340;37660;FORBAL IND. AUTOMOTIVE LTDA;Em Aberto;16/07/2026;16/07/2026;41;Gibson Ribeiro;12;28/42/56 DIAS;;1.15.03.01.01.00061
75744;30/06/2026;201550;Chapa 4,76(3/16'')1500x6000A36;20.000,00;KG;4,95;24937;MALTA RIO INDUSTRIAL LTDA;Em Aberto;24/07/2026;24/07/2026;109;Marcia - Compras;45;30/45/60/75;;1.01.01.04.02.00055
75589;19/06/2026;201628;Tanque de Ar C/Suporte Fixacao - 117 L 5 ENTRADA;60;PC;465;24330;METALURGICA CECHINATO LTDA;Em Aberto;17/07/2026;17/07/2026;109;Marcia - Compras;14;30/45/60 DIAS;;1.20.01.01.01.00189
75785;01/07/2026;201818;Paralama Randon Injet S/ Logomarca 1255mm - Ref.4984;48;PC;106,16;22906;RODOPLAST IND COM D COMPONENT PLAST LTDA;Atendido Parcial;24/07/2026;24/07/2026;109;Marcia - Compras;26;28/56;09/07/2026;1.20.03.01.01.00226
75950;09/07/2026;202015;Punho MB Evo Completo 15/24/25/36 180.0178 Binzel;5;PC;125,9;20821;BLU SOLDAS FERRAMENTAS  LTDA.;Em Aberto;23/07/2026;23/07/2026;55;Gabriel André Bertram;28;28/56/84 DIAS;;4.01.09.02.01.00046
75420;11/06/2026;202138;Cabo Alimentacao EBS 16m WABCO - 449 173 160 0;2;PC;543,03;24557;ZF AUTOMOTIVE BRASIL LTDA;Em Aberto;11/07/2026;11/07/2026;41;Gibson Ribeiro;9;28/42 DIAS;;1.20.08.01.01.00253
75420;11/06/2026;202139;Cabo IN/OUT (6m - 2 Vias) WABCO - 449 349 060 0;2;PC;91,97;24557;ZF AUTOMOTIVE BRASIL LTDA;Em Aberto;11/07/2026;11/07/2026;41;Gibson Ribeiro;9;28/42 DIAS;;1.20.08.01.01.00254
75420;11/06/2026;202141;Cabo Extensor Sensor EBS 5m WABCO - 449 723 050 0;4;PC;51,21;24557;ZF AUTOMOTIVE BRASIL LTDA;Em Aberto;11/07/2026;11/07/2026;41;Gibson Ribeiro;9;28/42 DIAS;;1.20.08.01.01.00256
75420;11/06/2026;202144;Valvula Rele Moduladora EBS 24V WABCO 480 207 001 0;2;PC;999,31;24557;ZF AUTOMOTIVE BRASIL LTDA;Em Aberto;11/07/2026;11/07/2026;41;Gibson Ribeiro;9;28/42 DIAS;;1.20.08.01.01.00259
75851;03/07/2026;202152;Visor de Nível - SNA-176-B-S-O-12 (STAUFF);15;PC;457,55;22346;KLEIN AUTOMACAO LTDA;Em Aberto;17/07/2026;17/07/2026;109;Marcia - Compras;6;28 DIAS;;1.23.01.01.01.00647
76011;10/07/2026;202153;Bocal de Enchimento 1/2'BSP - RE04CB-P (NEWTEC);15;PC;29,1;24206;NEWTEC FILTROS E PECAS LTDA;Em Aberto;17/07/2026;17/07/2026;109;Marcia - Compras;6;28 DIAS;;1.23.01.01.01.00648
75371;08/06/2026;202195;Anteparo FxM M16x1,5xM16x1,5 WABCO-893 104 292 2;100;PC;20,24;24557;ZF AUTOMOTIVE BRASIL LTDA;Em Aberto;30/06/2026;30/06/2026;41;Gibson Ribeiro;9;28/42 DIAS;;1.20.08.01.01.00267
75764;01/07/2026;202195;Anteparo FxM M16x1,5xM16x1,5 WABCO-893 104 292 2;100;PC;20,24;24557;ZF AUTOMOTIVE BRASIL LTDA;Em Aberto;24/07/2026;24/07/2026;41;Gibson Ribeiro;9;28/42 DIAS;;1.20.08.01.01.00267
75747;30/06/2026;202602;Chapa 3,75(#09)1200x2500mm A36;2.000,00;KG;4,95;24937;MALTA RIO INDUSTRIAL LTDA;Em Aberto;31/07/2026;31/07/2026;109;Marcia - Compras;45;30/45/60/75;;1.01.01.07.02.00013
75533;17/06/2026;202639;Modulo Val Niv + Valv Rot WABCO-400 652 494 0;30;PC;803,2181;24557;ZF AUTOMOTIVE BRASIL LTDA;Em Aberto;05/08/2026;05/08/2026;41;Gibson Ribeiro;9;28/42 DIAS;;1.20.08.01.01.00288
75868;06/07/2026;202639;Modulo Val Niv + Valv Rot WABCO-400 652 494 0;20;PC;803,2181;24557;ZF AUTOMOTIVE BRASIL LTDA;Em Aberto;01/09/2026;01/09/2026;41;Gibson Ribeiro;9;28/42 DIAS;;1.20.08.01.01.00288
75457;12/06/2026;202654;Lanterna Int Bau Refrigerado Bivolt Ref:2269;40;PC;21,48;22472;SINALSUL INDUSTRIA DE AUTO PECAS LTDA;Em Aberto;17/07/2026;17/07/2026;109;Marcia - Compras;28;28/56/84 DIAS;;1.05.01.01.02.00094
75657;25/06/2026;202654;Lanterna Int Bau Refrigerado Bivolt Ref:2269;80;PC;21,48;22472;SINALSUL INDUSTRIA DE AUTO PECAS LTDA;Em Aberto;24/07/2026;24/07/2026;109;Marcia - Compras;28;28/56/84 DIAS;;1.05.01.01.02.00094
75749;30/06/2026;202677;Chapa 6,35(1/4'')1000x4000mm A36;16.000,00;KG;5,05;24937;MALTA RIO INDUSTRIAL LTDA;Em Aberto;31/07/2026;31/07/2026;109;Marcia - Compras;45;30/45/60/75;;1.01.01.03.01.00010
76011;10/07/2026;202860;Filtro de Sucção 1/2'NPT - HS015CN (NEWTEC);15;PC;26,44;24206;NEWTEC FILTROS E PECAS LTDA;Em Aberto;17/07/2026;17/07/2026;109;Marcia - Compras;6;28 DIAS;;1.23.01.01.01.00684
76011;10/07/2026;202861;Filtro Pressao 42LPM 10 Microns 3/4'BSP C/IND.VISUAL/ELETR.6BAR- HP30DB010ADV6;3;PC;914,4;24206;NEWTEC FILTROS E PECAS LTDA;Em Aberto;17/07/2026;17/07/2026;109;Marcia - Compras;6;28 DIAS;;1.23.01.01.01.00685
75420;11/06/2026;202987;Cabo Valvula Rele EBS WABCO-449 429 080 0;2;PC;385,15;24557;ZF AUTOMOTIVE BRASIL LTDA;Em Aberto;11/07/2026;11/07/2026;41;Gibson Ribeiro;9;28/42 DIAS;;1.20.08.01.01.00294
75769;01/07/2026;203203;Tanque de Ar 20Litros C/Suporte SR - REF 9836010250 - SILPA;3;PC;252;20495;SILPA PECAS E EQUIPAMENTOS LTDA;Em Aberto;30/07/2026;30/07/2026;41;Gibson Ribeiro;12;28/42/56 DIAS;;1.20.01.01.01.00196
75479;12/06/2026;203412;Barra Chata15,88x101,60x6000mm(5/8x4)SAE1522;10.000,00;KG;8,4;21614;METALURGICA SPILLERE LTDA;Em Aberto;17/07/2026;17/07/2026;109;Marcia - Compras;31;21/28/35;;1.09.03.01.07.00008
75844;03/07/2026;203412;Barra Chata15,88x101,60x6000mm(5/8x4)SAE1522;10.000,00;KG;8,4;21614;METALURGICA SPILLERE LTDA;Em Aberto;13/08/2026;14/08/2026;109;Marcia - Compras;31;21/28/35;;1.09.03.01.07.00008
75525;17/06/2026;203834;CJ SUSP CARRETA ESTAMPADA TM BB 3E S/SAPATA C/PF C/GR D C/ BRACOS PF C/ FUNDO S/ GRAX- IBERO - CCBC32NB100;30;CJ;5.260,62;23303;IBERO INDUSTRIA BRASILEIRA DE EQUIP. RODOV. S A;Em Aberto;05/08/2026;05/08/2026;41;Gibson Ribeiro;23;30/60/90 DIAS;;1.20.04.01.01.00097
74486;24/04/2026;203846;Crachas  Identificacao Prox;100;PC;5,5;24909;IDEAL CARDS SERVICOS LTDA;Atendido Parcial;08/05/2026;08/05/2026;206;Leonardo Pereira Falconeli Dos Santos;5;21 DIAS;27/04/2026 - 25/05/2026 - 25/05/2026 - 02/06/2026 - 24/06/2026 - 03/07/2026;3.49.01.01.01.00168
75968;09/07/2026;203966;Kit caixa de Fusiveis/Reles Modular para chicotes eletricos29 fusiveis / 16 reles;3;PC;459,99;24284;MARIA JULIANA SOUZA DIAS LESSA;Em Aberto;24/07/2026;24/07/2026;109;Marcia - Compras;6;28 DIAS;;1.23.01.01.01.00780
75828;03/07/2026;204100;Rebite Prego Aco 6,2x12,7 CbAbl;5;MIL;317,86;20819;OR-BRASIL COM. IMP E EXPORTDORA LTDA;Em Aberto;15/07/2026;15/07/2026;55;Gabriel André Bertram;10;30/60 DIAS;;1.99.04.01.04.00017
75668;26/06/2026;204261;Chapa 4,76(3/16)1500x5800 STRENX 700 MCD;1.345,16;KG;8,32;23996;SSAB SWEDISH STEEL COMERCIO DE ACO LTDA;Em Aberto;14/07/2026;14/07/2026;109;Marcia - Compras;14;30/45/60 DIAS;;1.01.01.04.03.00003
75668;26/06/2026;204262;Chapa 12,00x1500x5800mm STRENX 700 MC PLUS;1.639,08;KG;9,45;23996;SSAB SWEDISH STEEL COMERCIO DE ACO LTDA;Em Aberto;14/07/2026;14/07/2026;109;Marcia - Compras;14;30/45/60 DIAS;;1.01.01.16.02.00005
75245;02/06/2026;204339;Coluna Protetor Ciclista 710X780;40;PC;155;24234;PROLATECH IND E COM DE ACESSORIOS LTDA;Em Aberto;10/07/2026;10/07/2026;109;Marcia - Compras;45;30/45/60/75;;1.25.01.01.01.00017
75638;24/06/2026;204401;Cartola Sobre Alma 25x15242mm(15487) - SR;218;PC;63,57;24045;PERFILLINE COMPONENTES METALICOS LTDA ;Em Aberto;10/07/2026;10/07/2026;109;Marcia - Compras;26;28/56;;5.40.05.01.01.00002
75602;22/06/2026;204570;Pneus Blacklion 275/80r22.5;3;PC;1.354,25;24730;R S PNEUS E EQUIPAMENTOS LTDA;Em Aberto;01/07/2026;01/07/2026;41;Gibson Ribeiro;16;28/56/84/112 DIAS;;1.20.06.01.01.00039
75637;24/06/2026;204665;Caixa Fogao - 600x500x600mm - Diorana;2;UN;615;24630;DIORANA INDUSTRIA DE ARTEFATOS DE MADEIRA LTDA EPP;Em Aberto;10/07/2026;10/07/2026;109;Marcia - Compras;10;30/60 DIAS;;1.05.01.11.04.00081
75820;03/07/2026;204665;Caixa Fogao - 600x500x600mm - Diorana;3;UN;615;24630;DIORANA INDUSTRIA DE ARTEFATOS DE MADEIRA LTDA EPP;Em Aberto;10/07/2026;17/07/2026;109;Marcia - Compras;10;30/60 DIAS;;1.05.01.11.04.00081
75657;25/06/2026;204875;Lanterna Led C/Retrorrefletor AM - 2664 07 3010/51;500;PC;11,45;22472;SINALSUL INDUSTRIA DE AUTO PECAS LTDA;Em Aberto;24/07/2026;24/07/2026;109;Marcia - Compras;28;28/56/84 DIAS;;1.05.01.04.01.00044
75846;03/07/2026;204875;Lanterna Led C/Retrorrefletor AM - 2664 07 3010/51;500;PC;11,45;22472;SINALSUL INDUSTRIA DE AUTO PECAS LTDA;Em Aberto;31/07/2026;31/07/2026;109;Marcia - Compras;28;28/56/84 DIAS;;1.05.01.04.01.00044
75846;03/07/2026;204879;KIT  Duplo Click 07.1058+Tampa Duplo Click 07.1059 (1014);2.000,00;PC;1,72;22472;SINALSUL INDUSTRIA DE AUTO PECAS LTDA;Em Aberto;31/07/2026;31/07/2026;109;Marcia - Compras;28;28/56/84 DIAS;;1.05.01.04.01.00048
75668;26/06/2026;205316;Chapa 6,35(1/4)1500x5800 STRENX 700 MC PLUS;433,67;KG;8,75;23996;SSAB SWEDISH STEEL COMERCIO DE ACO LTDA;Em Aberto;14/07/2026;14/07/2026;109;Marcia - Compras;14;30/45/60 DIAS;;1.01.01.18.01.00036
74552;28/04/2026;205449;EIXO LSSPT 14,5 X 127 X 2218MM FR8ACSL Q DISCO-ALU NKT CHP EC 965MM SB/CA ABS IBERO - ETL-011-ND4-AAG;5;PC;7.149,14;23303;IBERO INDUSTRIA BRASILEIRA DE EQUIP. RODOV. S A;Em Aberto;17/06/2026;17/06/2026;41;Gibson Ribeiro;23;30/60/90 DIAS;;1.25.01.01.01.00032
75525;17/06/2026;205449;EIXO LSSPT 14,5 X 127 X 2218MM FR8ACSL Q DISCO-ALU NKT CHP EC 965MM SB/CA ABS IBERO - ETL-011-ND4-AAG;5;PC;7.149,14;23303;IBERO INDUSTRIA BRASILEIRA DE EQUIP. RODOV. S A;Em Aberto;05/08/2026;05/08/2026;41;Gibson Ribeiro;23;30/60/90 DIAS;;1.25.01.01.01.00032
74552;28/04/2026;205450;EIXO LSSPT 14,5 X 127 X 2218MM FR8ACSL Q DISCO-ALU NKT CHP EC 965MM SB/CA                              IBERO -ETL-011-ND4-0AG;5;PC;6.852,13;23303;IBERO INDUSTRIA BRASILEIRA DE EQUIP. RODOV. S A;Em Aberto;17/06/2026;17/06/2026;41;Gibson Ribeiro;23;30/60/90 DIAS;;1.25.01.01.01.00033
75525;17/06/2026;205450;EIXO LSSPT 14,5 X 127 X 2218MM FR8ACSL Q DISCO-ALU NKT CHP EC 965MM SB/CA                              IBERO -ETL-011-ND4-0AG;5;PC;6.852,13;23303;IBERO INDUSTRIA BRASILEIRA DE EQUIP. RODOV. S A;Em Aberto;05/08/2026;05/08/2026;41;Gibson Ribeiro;23;30/60/90 DIAS;;1.25.01.01.01.00033
74552;28/04/2026;205451;EIXO LSSPT 14,5 X 127 X 2218MM FR8ACSL Q DISCO-ALU NKT CHP EC 965MM CS/CA                                   IBERO - ETL-011-ND2-0AG;5;PC;6.612,74;23303;IBERO INDUSTRIA BRASILEIRA DE EQUIP. RODOV. S A;Em Aberto;17/06/2026;17/06/2026;41;Gibson Ribeiro;23;30/60/90 DIAS;;1.25.01.01.01.00034
75525;17/06/2026;205451;EIXO LSSPT 14,5 X 127 X 2218MM FR8ACSL Q DISCO-ALU NKT CHP EC 965MM CS/CA                                   IBERO - ETL-011-ND2-0AG;5;PC;6.612,74;23303;IBERO INDUSTRIA BRASILEIRA DE EQUIP. RODOV. S A;Em Aberto;05/08/2026;05/08/2026;41;Gibson Ribeiro;23;30/60/90 DIAS;;1.25.01.01.01.00034
75296;03/06/2026;205900;FEIXE MOLA SIMÉTRICA 11T - 1100MM 550/550 10 LÂMINAS PACOTE 117MM K=158KGF/MM - MARCHETTI SR-768;12;PC;653,67;23626;TERCILIO MARCHETTI IND E COM DE AUTOPECAS LTDA;Em Aberto;10/07/2026;10/07/2026;109;Marcia - Compras;26;28/56;;1.25.01.01.01.00035
75468;12/06/2026;205900;FEIXE MOLA SIMÉTRICA 11T - 1100MM 550/550 10 LÂMINAS PACOTE 117MM K=158KGF/MM - MARCHETTI SR-768;12;PC;653,67;23626;TERCILIO MARCHETTI IND E COM DE AUTOPECAS LTDA;Em Aberto;31/07/2026;31/07/2026;109;Marcia - Compras;26;28/56;;1.25.01.01.01.00035
75296;03/06/2026;205901;FEIXE MOLA ASSIMÉTRICA 11T - 1280MM 725/555 10 LÂMINAS PACOTE 117MM K=112KGF/MM - MARCHETTI SR-767;24;PC;734,15;23626;TERCILIO MARCHETTI IND E COM DE AUTOPECAS LTDA;Em Aberto;10/07/2026;10/07/2026;109;Marcia - Compras;26;28/56;;1.25.01.01.01.00036
75468;12/06/2026;205901;FEIXE MOLA ASSIMÉTRICA 11T - 1280MM 725/555 10 LÂMINAS PACOTE 117MM K=112KGF/MM - MARCHETTI SR-767;24;PC;734,15;23626;TERCILIO MARCHETTI IND E COM DE AUTOPECAS LTDA;Em Aberto;31/07/2026;31/07/2026;109;Marcia - Compras;26;28/56;;1.25.01.01.01.00036
75028;25/05/2026;206067;Cj Pino Rei 8F 2'' D162 Mesa8mm - JOST 20000085;75;CJ;580;20531;JOST BRASIL - SISTEMAS AUTOMOTIVOS;Em Aberto;16/07/2026;16/07/2026;41;Gibson Ribeiro;9;28/42 DIAS;;1.20.01.01.01.00203
75689;26/06/2026;206067;Cj Pino Rei 8F 2'' D162 Mesa8mm - JOST 20000085;70;CJ;580;20531;JOST BRASIL - SISTEMAS AUTOMOTIVOS;Em Aberto;17/08/2026;17/08/2026;41;Gibson Ribeiro;9;28/42 DIAS;;1.20.01.01.01.00203
75457;12/06/2026;206458;Lanterna Int 6Leds Bivolt CR C/Cabo PP Ret 1500mm - 2265 11 30 40;150;PC;28,35;22472;SINALSUL INDUSTRIA DE AUTO PECAS LTDA;Em Aberto;17/07/2026;17/07/2026;109;Marcia - Compras;28;28/56/84 DIAS;;1.05.01.01.02.00099
75845;03/07/2026;206458;Lanterna Int 6Leds Bivolt CR C/Cabo PP Ret 1500mm - 2265 11 30 40;150;PC;28,35;22472;SINALSUL INDUSTRIA DE AUTO PECAS LTDA;Em Aberto;07/08/2026;07/08/2026;109;Marcia - Compras;28;28/56/84 DIAS;;1.05.01.01.02.00099
75657;25/06/2026;206459;Cabo PP 0,30m Tyco Na Ponta - REF SINALSUL 9002;1.200,00;UN;7,14;22472;SINALSUL INDUSTRIA DE AUTO PECAS LTDA;Em Aberto;24/07/2026;24/07/2026;109;Marcia - Compras;28;28/56/84 DIAS;;1.05.01.04.01.00053
75457;12/06/2026;206460;Lanterna Pos Lat Led C/Retrorrefletor C/Eva VM;270;PC;12,38;22472;SINALSUL INDUSTRIA DE AUTO PECAS LTDA;Em Aberto;17/07/2026;17/07/2026;109;Marcia - Compras;28;28/56/84 DIAS;;1.05.01.04.01.00054
75456;12/06/2026;206461;Lanterna Led C/Retrorrefletor C/Eva CR2664 07 3140;200;PC;12,38;22472;SINALSUL INDUSTRIA DE AUTO PECAS LTDA;Em Aberto;10/07/2026;17/07/2026;109;Marcia - Compras;28;28/56/84 DIAS;;1.05.01.04.01.00055
75657;25/06/2026;206461;Lanterna Led C/Retrorrefletor C/Eva CR2664 07 3140;120;PC;12,38;22472;SINALSUL INDUSTRIA DE AUTO PECAS LTDA;Em Aberto;24/07/2026;24/07/2026;109;Marcia - Compras;28;28/56/84 DIAS;;1.05.01.04.01.00055
75846;03/07/2026;206461;Lanterna Led C/Retrorrefletor C/Eva CR2664 07 3140;240;PC;12,38;22472;SINALSUL INDUSTRIA DE AUTO PECAS LTDA;Em Aberto;31/07/2026;31/07/2026;109;Marcia - Compras;28;28/56/84 DIAS;;1.05.01.04.01.00055
74553;28/04/2026;206486;CJ SUSP CARRETA TM ESTAMPADA 2 EIXOS S/SP C/ GR C/ SEP C/ BRACOS C/ FUNDO S/ GRAX -                           IBERO-CCBJ22NB100;2;CJ;3.507,40;23303;IBERO INDUSTRIA BRASILEIRA DE EQUIP. RODOV. S A;Em Aberto;08/06/2026;08/06/2026;41;Gibson Ribeiro;23;30/60/90 DIAS;;1.20.04.01.01.00103
75012;22/05/2026;206486;CJ SUSP CARRETA TM ESTAMPADA 2 EIXOS S/SP C/ GR C/ SEP C/ BRACOS C/ FUNDO S/ GRAX -                           IBERO-CCBJ22NB100;2;CJ;3.507,40;23303;IBERO INDUSTRIA BRASILEIRA DE EQUIP. RODOV. S A;Em Aberto;13/07/2026;13/07/2026;41;Gibson Ribeiro;23;30/60/90 DIAS;;1.20.04.01.01.00103
75766;01/07/2026;206486;CJ SUSP CARRETA TM ESTAMPADA 2 EIXOS S/SP C/ GR C/ SEP C/ BRACOS C/ FUNDO S/ GRAX -                           IBERO-CCBJ22NB100;1;CJ;3.507,40;23303;IBERO INDUSTRIA BRASILEIRA DE EQUIP. RODOV. S A;Em Aberto;10/08/2026;10/08/2026;41;Gibson Ribeiro;23;30/60/90 DIAS;;1.20.04.01.01.00103
75994;10/07/2026;206486;CJ SUSP CARRETA TM ESTAMPADA 2 EIXOS S/SP C/ GR C/ SEP C/ BRACOS C/ FUNDO S/ GRAX -                           IBERO-CCBJ22NB100;2;CJ;3.507,40;23303;IBERO INDUSTRIA BRASILEIRA DE EQUIP. RODOV. S A;Em Aberto;01/09/2026;01/09/2026;41;Gibson Ribeiro;23;30/60/90 DIAS;;1.20.04.01.01.00103
75657;25/06/2026;206703;Lanterna Pos Lat Led C/Retrorrefletor AM - SINALSUL - REF:2665 08 30 10;120;PC;19,72;22472;SINALSUL INDUSTRIA DE AUTO PECAS LTDA;Em Aberto;24/07/2026;24/07/2026;109;Marcia - Compras;28;28/56/84 DIAS;;1.05.01.04.01.00049
75278;03/06/2026;206704;Modulo Direcional Cat5 - SINALSUL REF:0120 00 30 60;100;PC;58,02;22472;SINALSUL INDUSTRIA DE AUTO PECAS LTDA;Em Aberto;31/07/2026;31/07/2026;109;Marcia - Compras;28;28/56/84 DIAS;;1.05.01.01.02.00100
75846;03/07/2026;206706;Cabo 2Vias Retangular (Metro) - SINALSUL REF:9479;1.400,00;M;3,83;22472;SINALSUL INDUSTRIA DE AUTO PECAS LTDA;Em Aberto;31/07/2026;31/07/2026;109;Marcia - Compras;28;28/56/84 DIAS;;1.23.01.01.01.00831
75519;15/06/2026;206708;Cabo PP Ret 2V 2x0,75 PT-BR 300V70G PVC AM - SINALSUL REF:9057;600;M;3,92;22472;SINALSUL INDUSTRIA DE AUTO PECAS LTDA;Em Aberto;19/07/2026;24/07/2026;109;Marcia - Compras;28;28/56/84 DIAS;;1.05.01.04.01.00057
75657;25/06/2026;206709;Kit Interruptor Iluminacao Interna - 0200 00 31 60;50;KT;31,88;22472;SINALSUL INDUSTRIA DE AUTO PECAS LTDA;Em Aberto;24/07/2026;24/07/2026;109;Marcia - Compras;28;28/56/84 DIAS;;1.05.01.04.01.00058
75986;09/07/2026;206709;Kit Interruptor Iluminacao Interna - 0200 00 31 60;80;KT;31,88;22472;SINALSUL INDUSTRIA DE AUTO PECAS LTDA;Em Aberto;06/08/2026;06/08/2026;109;Marcia - Compras;28;28/56/84 DIAS;;1.05.01.04.01.00058
75405;10/06/2026;206824;Quinta (5a) Roda - 150mm JOST - MOD JSK37C 2';3;CJ;3.452,34;20531;JOST BRASIL - SISTEMAS AUTOMOTIVOS;Em Aberto;30/07/2026;30/07/2026;41;Gibson Ribeiro;9;28/42 DIAS;;1.20.03.01.01.00236
75689;26/06/2026;206824;Quinta (5a) Roda - 150mm JOST - MOD JSK37C 2';4;CJ;3.452,34;20531;JOST BRASIL - SISTEMAS AUTOMOTIVOS;Em Aberto;17/08/2026;17/08/2026;41;Gibson Ribeiro;9;28/42 DIAS;;1.20.03.01.01.00236
75457;12/06/2026;207469;Lanterna Placa - SINALSUL - 2600 20 30 40;100;PC;17,04;22472;SINALSUL INDUSTRIA DE AUTO PECAS LTDA;Em Aberto;17/07/2026;17/07/2026;109;Marcia - Compras;28;28/56/84 DIAS;;1.20.08.01.01.00357
75756;30/06/2026;207523;Bobina #12 Zn 2,70x100mm Slitter(Omega 24);20.000,00;KG;6,9;24937;MALTA RIO INDUSTRIAL LTDA;Em Aberto;13/07/2026;17/07/2026;109;Marcia - Compras;45;30/45/60/75;;1.01.02.04.08.00011
75652;24/06/2026;207789;Barra Chata15,88x101,60x12700mm(5/8x4)SAE1522;2.000,00;KG;8,4;21614;METALURGICA SPILLERE LTDA;Em Aberto;23/07/2026;23/07/2026;109;Marcia - Compras;31;21/28/35;;1.09.03.01.07.00011
75846;03/07/2026;207807;Modulo Eletronico - Sinalsul - 5000 00 33 60;50;PC;124,95;22472;SINALSUL INDUSTRIA DE AUTO PECAS LTDA;Em Aberto;31/07/2026;31/07/2026;109;Marcia - Compras;28;28/56/84 DIAS;;1.05.01.04.01.00074
75962;09/07/2026;207991;Pneus Blacklion 295/80r22.5 - BD175 Borrachudo;8;PC;1.739,92;24730;R S PNEUS E EQUIPAMENTOS LTDA;Em Aberto;16/07/2026;16/07/2026;41;Gibson Ribeiro;16;28/56/84/112 DIAS;;1.20.06.01.01.00043
75657;25/06/2026;208449;Chicote Adaptador Tras CAT5 Scania 1500mm - SINALSUL - 0121 00 90 60;30;PC;90,13;22472;SINALSUL INDUSTRIA DE AUTO PECAS LTDA;Em Aberto;24/07/2026;24/07/2026;109;Marcia - Compras;28;28/56/84 DIAS;;1.05.01.06.01.00084
75940;09/07/2026;208619;Grampo J 3.5 x 120;10;PC;4,879;25169;DL FERRAGENS E FERRAMENTAS LTDA;Em Aberto;29/07/2026;29/07/2026;55;Gabriel André Bertram;6;28 DIAS;;1.20.03.01.01.00239
75461;12/06/2026;208753;Comando DP/DH/SA 10/10/1/2' BBI 7,5L 2130.01457-P // Código: BM01200000 // Referência: 2130.01457-P;4;PC;2.622,66;24297;MCM HIDRO PNEUMATICOS LTDA;Em Aberto;10/07/2026;24/07/2026;109;Marcia - Compras;52;Antecipado / mediante NF;;1.23.01.01.01.00876
74486;24/04/2026;208893;Porta Cracha (V);100;PC;0,5;24909;IDEAL CARDS SERVICOS LTDA;Atendido Parcial;08/05/2026;08/05/2026;206;Leonardo Pereira Falconeli Dos Santos;5;21 DIAS;27/04/2026 - 25/05/2026 - 25/05/2026 - 02/06/2026 - 24/06/2026 - 03/07/2026;3.49.01.01.01.00184
75951;09/07/2026;208968;Chapa EPS-03 60x417x2000mm C/Recorte;600;PC;32,2518;24971;DILEUSA MARTINS DE OLIVEIRA DE SOUSA LIMITADA;Em Aberto;21/07/2026;21/07/2026;109;Marcia - Compras;26;28/56;;1.03.02.01.01.00019
75835;03/07/2026;208971;Chapa EPS-03 25x1000x2000mm;80;PC;29,0556;24971;DILEUSA MARTINS DE OLIVEIRA DE SOUSA LIMITADA;Em Aberto;17/07/2026;17/07/2026;109;Marcia - Compras;26;28/56;;1.03.02.01.01.00022
75668;26/06/2026;209070;Chapa 8,00 # 1500x5800 STRENX 700 MC;546,36;KG;8,77;23996;SSAB SWEDISH STEEL COMERCIO DE ACO LTDA;Em Aberto;14/07/2026;14/07/2026;109;Marcia - Compras;14;30/45/60 DIAS;;1.01.01.18.01.00042
75609;23/06/2026;209266;Abracadeira Nylon 3,6x140mm PT;10;CT;10,87;20141;FERRAMENTAS GERAIS COMERCIO IMP DE FERRAM. E MAQUINAS LTDA;Em Aberto;09/12/2026;09/12/2026;41;Gibson Ribeiro;84;42 dias;;1.99.04.01.06.00002
75160;28/05/2026;209338;Porca - M22x1.5 WABCO - 891 503 076 4;200;PC;5,3092;24557;ZF AUTOMOTIVE BRASIL LTDA;Em Aberto;27/06/2026;27/06/2026;41;Gibson Ribeiro;9;28/42 DIAS;;1.20.08.01.01.00374
75404;10/06/2026;209874;CJ Sup levante do Sup Frontal Air Super - KLL 30200 15 401;40;UN;137,94;24843;SAF-HOLLAND DO BRASIL IND PROD EIXOS E EQUIP;Em Aberto;15/07/2026;15/07/2026;41;Gibson Ribeiro;12;28/42/56 DIAS;;1.20.01.01.01.00214
75866;06/07/2026;209874;CJ Sup levante do Sup Frontal Air Super - KLL 30200 15 401;50;UN;137,94;24843;SAF-HOLLAND DO BRASIL IND PROD EIXOS E EQUIP;Em Aberto;10/08/2026;10/08/2026;41;Gibson Ribeiro;12;28/42/56 DIAS;;1.20.01.01.01.00214
75129;28/05/2026;209874;CJ Sup levante do Sup Frontal Air Super - KLL 30200 15 401;30;UN;137,94;24843;SAF-HOLLAND DO BRASIL IND PROD EIXOS E EQUIP;Atendido Parcial;07/07/2026;07/07/2026;41;Gibson Ribeiro;12;28/42/56 DIAS;08/07/2026;1.20.01.01.01.00214
75404;10/06/2026;209875;CJ do Suporte do Levante Viga Air Super - KLL - 3020016401;40;UN;125,92;24843;SAF-HOLLAND DO BRASIL IND PROD EIXOS E EQUIP;Em Aberto;15/07/2026;15/07/2026;41;Gibson Ribeiro;12;28/42/56 DIAS;;1.20.01.01.01.00215
75866;06/07/2026;209875;CJ do Suporte do Levante Viga Air Super - KLL - 3020016401;50;UN;125,92;24843;SAF-HOLLAND DO BRASIL IND PROD EIXOS E EQUIP;Em Aberto;10/08/2026;10/08/2026;41;Gibson Ribeiro;12;28/42/56 DIAS;;1.20.01.01.01.00215
75404;10/06/2026;209876;Mola PN Lev Susp Air Super - Airtop - Steer Air - KLL - 8035335B01;40;UN;534,51;24843;SAF-HOLLAND DO BRASIL IND PROD EIXOS E EQUIP;Em Aberto;15/07/2026;15/07/2026;41;Gibson Ribeiro;12;28/42/56 DIAS;;1.20.01.01.01.00216
75866;06/07/2026;209876;Mola PN Lev Susp Air Super - Airtop - Steer Air - KLL - 8035335B01;50;UN;534,51;24843;SAF-HOLLAND DO BRASIL IND PROD EIXOS E EQUIP;Em Aberto;10/08/2026;10/08/2026;41;Gibson Ribeiro;12;28/42/56 DIAS;;1.20.01.01.01.00216
74862;15/05/2026;209880;Arruela Pressao M10 BA DIN 127 KLL - 8007C10H02;100;PC;0,2;24843;SAF-HOLLAND DO BRASIL IND PROD EIXOS E EQUIP;Em Aberto;19/06/2026;19/06/2026;41;Gibson Ribeiro;12;28/42/56 DIAS;;1.99.04.01.03.00026
75855;03/07/2026;209966;Para-barro Antispray 680x520 Ref. Birk PBAS-035;160;PC;42;21534;BIRK IND. E COMERCIO LTDA. ME;Em Aberto;24/07/2026;24/07/2026;109;Marcia - Compras;10;30/60 DIAS;;1.22.14.01.04.00006
75855;03/07/2026;209967;Para-barro Antispray 630x500 Ref. Birk PBAS-034;60;PC;36;21534;BIRK IND. E COMERCIO LTDA. ME;Em Aberto;24/07/2026;24/07/2026;109;Marcia - Compras;10;30/60 DIAS;;1.22.14.01.04.00007
75416;11/06/2026;210378;Sarrafo Multilaminado 2500x100x12 FRSF;12.000,00;PC;16,48;22443;MADEIRAS EULIDE LTDA;Em Aberto;13/07/2026;13/07/2026;104;Jonas Linshalm;85;21/42 DIAS;;1.03.01.01.01.00115
75416;11/06/2026;210380;Sarrafo Multilaminado 2500x400x12 FRSF;2.000,00;PC;65,61;22443;MADEIRAS EULIDE LTDA;Em Aberto;13/07/2026;13/07/2026;104;Jonas Linshalm;85;21/42 DIAS;;1.03.01.01.01.00117
75460;12/06/2026;210454;Eixo Trinco D - PLN13;300;PC;7,4;24716;METALURGICA TERENA LTDA;Em Aberto;10/07/2026;10/07/2026;109;Marcia - Compras;20;35 DIAS;;5.11.01.04.01.00516
75460;12/06/2026;210455;Eixo Trinco E - PLN13;50;PC;7,4;24716;METALURGICA TERENA LTDA;Em Aberto;10/07/2026;10/07/2026;109;Marcia - Compras;20;35 DIAS;;5.11.01.04.01.00517
75791;02/07/2026;210456;Calco Eixo Trinco D/E 16mm - PLN13;150;PC;6,79;24716;METALURGICA TERENA LTDA;Em Aberto;10/07/2026;10/07/2026;109;Marcia - Compras;20;35 DIAS;;5.11.01.04.01.00518
75804;02/07/2026;210456;Calco Eixo Trinco D/E 16mm - PLN13;150;PC;6,79;24716;METALURGICA TERENA LTDA;Em Aberto;08/07/2026;10/07/2026;109;Marcia - Compras;20;35 DIAS;;5.11.01.04.01.00518
75667;26/06/2026;210511;Pino Engate Rapido M22xM16;200;PC;9,72;20264;COBRA CONEXOES BRASIL IND.METAL.LT.;Em Aberto;10/07/2026;10/07/2026;109;Marcia - Compras;6;28 DIAS;;1.20.08.01.01.00388
75608;23/06/2026;211494;(3) Fita Dupla Face 0,8x19mm;2;RL;85,63;20141;FERRAMENTAS GERAIS COMERCIO IMP DE FERRAM. E MAQUINAS LTDA;Em Aberto;25/06/2026;25/06/2026;41;Gibson Ribeiro;84;42 dias;;3.43.01.01.01.00150
75926;08/07/2026;211804;Disco Diamantado;2;PC;229,85;21600;CHIMAS INDUSTRIA E COMERCIO LTDA;Em Aberto;17/07/2026;17/07/2026;55;Gabriel André Bertram;6;28 DIAS;;4.01.21.01.02.02291
75796;02/07/2026;212152;Paraf M12x1,75x40 DIN6921 CB SXT FLA RT Aco 10.9ZP;20;CT;320;25417;TORNEARIA BARBIERI LTDA.;Em Aberto;10/07/2026;10/07/2026;55;Gabriel André Bertram;23;30/60/90 DIAS;;1.99.04.01.01.00091
75297;03/06/2026;212348;Bacia Plastica Pintada D/E - PL N13;353;PC;5,5;25112;JB INDUSTRIA DE PRODUTOS PLASTICOS LTDA;Em Aberto;30/06/2026;10/07/2026;109;Marcia - Compras;6;28 DIAS;;5.11.01.04.01.00524
75228;02/06/2026;212473;Central ABS 4.0 2M Premium  HALDEX - 364 635 211;15;PC;3.049,82;22671;HALDEX DO BRASIL IND E COM LTDA;Em Aberto;18/06/2026;13/07/2026;109;Marcia - Compras;12;28/42/56 DIAS;;1.20.08.01.01.00399
75465;12/06/2026;212473;Central ABS 4.0 2M Premium  HALDEX - 364 635 211;30;PC;3.049,82;22671;HALDEX DO BRASIL IND E COM LTDA;Em Aberto;10/07/2026;14/07/2026;109;Marcia - Compras;12;28/42/56 DIAS;;1.20.08.01.01.00399
75853;03/07/2026;212473;Central ABS 4.0 2M Premium  HALDEX - 364 635 211;10;PC;3.049,82;22671;HALDEX DO BRASIL IND E COM LTDA;Em Aberto;29/07/2026;29/07/2026;109;Marcia - Compras;12;28/42/56 DIAS;;1.20.08.01.01.00399
75971;09/07/2026;212473;Central ABS 4.0 2M Premium  HALDEX - 364 635 211;7;PC;3.049,82;22671;HALDEX DO BRASIL IND E COM LTDA;Em Aberto;11/08/2026;11/08/2026;109;Marcia - Compras;12;28/42/56 DIAS;;1.20.08.01.01.00399
75228;02/06/2026;212474;Cabo Lampada Advertência - 12m  HALDEX - 364 657 120;30;PC;142,03;22671;HALDEX DO BRASIL IND E COM LTDA;Em Aberto;18/06/2026;13/07/2026;109;Marcia - Compras;12;28/42/56 DIAS;;1.20.08.01.01.00400
75465;12/06/2026;212474;Cabo Lampada Advertência - 12m  HALDEX - 364 657 120;20;PC;142,03;22671;HALDEX DO BRASIL IND E COM LTDA;Em Aberto;10/07/2026;14/07/2026;109;Marcia - Compras;12;28/42/56 DIAS;;1.20.08.01.01.00400
75853;03/07/2026;212474;Cabo Lampada Advertência - 12m  HALDEX - 364 657 120;40;PC;142,03;22671;HALDEX DO BRASIL IND E COM LTDA;Em Aberto;29/07/2026;29/07/2026;109;Marcia - Compras;12;28/42/56 DIAS;;1.20.08.01.01.00400
75971;09/07/2026;212474;Cabo Lampada Advertência - 12m  HALDEX - 364 657 120;15;PC;142,03;22671;HALDEX DO BRASIL IND E COM LTDA;Em Aberto;11/08/2026;11/08/2026;109;Marcia - Compras;12;28/42/56 DIAS;;1.20.08.01.01.00400
75465;12/06/2026;212477;Cabo EB+ 4.0 Power A TO 24V ISO7638 HALDEX -844 001 120;30;PC;119,74;22671;HALDEX DO BRASIL IND E COM LTDA;Em Aberto;10/07/2026;14/07/2026;109;Marcia - Compras;12;28/42/56 DIAS;;1.20.08.01.01.00403
75853;03/07/2026;212477;Cabo EB+ 4.0 Power A TO 24V ISO7638 HALDEX -844 001 120;30;PC;119,74;22671;HALDEX DO BRASIL IND E COM LTDA;Em Aberto;29/07/2026;29/07/2026;109;Marcia - Compras;12;28/42/56 DIAS;;1.20.08.01.01.00403
75853;03/07/2026;212478;Cabo 24N To Power-B Macho(Baioneta) HALDEX -844 211 040;80;PC;119,74;22671;HALDEX DO BRASIL IND E COM LTDA;Em Aberto;29/07/2026;29/07/2026;109;Marcia - Compras;12;28/42/56 DIAS;;1.20.08.01.01.00404
75971;09/07/2026;212478;Cabo 24N To Power-B Macho(Baioneta) HALDEX -844 211 040;100;PC;119,74;22671;HALDEX DO BRASIL IND E COM LTDA;Em Aberto;11/08/2026;11/08/2026;109;Marcia - Compras;12;28/42/56 DIAS;;1.20.08.01.01.00404
75228;02/06/2026;212484;Kit Reguladora Fluxo Ø08 HALDEX - 500880;15;KT;84,79;22671;HALDEX DO BRASIL IND E COM LTDA;Em Aberto;18/06/2026;13/07/2026;109;Marcia - Compras;12;28/42/56 DIAS;;1.20.08.01.01.00410
75465;12/06/2026;212484;Kit Reguladora Fluxo Ø08 HALDEX - 500880;30;KT;84,79;22671;HALDEX DO BRASIL IND E COM LTDA;Em Aberto;10/07/2026;14/07/2026;109;Marcia - Compras;12;28/42/56 DIAS;;1.20.08.01.01.00410
75465;12/06/2026;212484;Kit Reguladora Fluxo Ø08 HALDEX - 500880;50;KT;84,79;22671;HALDEX DO BRASIL IND E COM LTDA;Em Aberto;11/07/2026;14/07/2026;109;Marcia - Compras;12;28/42/56 DIAS;;1.20.08.01.01.00410
75853;03/07/2026;212485;Kit Painel TEM S/Suspensor Ø08 HALDEX - 500909;30;KT;584,13;22671;HALDEX DO BRASIL IND E COM LTDA;Em Aberto;29/07/2026;29/07/2026;109;Marcia - Compras;12;28/42/56 DIAS;;1.20.08.01.01.00411
75971;09/07/2026;212485;Kit Painel TEM S/Suspensor Ø08 HALDEX - 500909;3;KT;584,13;22671;HALDEX DO BRASIL IND E COM LTDA;Em Aberto;11/08/2026;11/08/2026;109;Marcia - Compras;12;28/42/56 DIAS;;1.20.08.01.01.00411
75853;03/07/2026;212491;Kit 3/2Vias P/Suspensao - 1 Suspensor Ø08 HALDEX - 501018;40;KT;115,96;22671;HALDEX DO BRASIL IND E COM LTDA;Em Aberto;29/07/2026;29/07/2026;109;Marcia - Compras;12;28/42/56 DIAS;;1.20.08.01.01.00416
75971;09/07/2026;212491;Kit 3/2Vias P/Suspensao - 1 Suspensor Ø08 HALDEX - 501018;12;KT;115,96;22671;HALDEX DO BRASIL IND E COM LTDA;Em Aberto;11/08/2026;11/08/2026;109;Marcia - Compras;12;28/42/56 DIAS;;1.20.08.01.01.00416
74802;13/05/2026;212494;Kit 3/2 Vias 1Suspensor P4 TEE Ø8 P2 Ø12 HALDEX - 501137;50;KT;119,74;22671;HALDEX DO BRASIL IND E COM LTDA;Em Aberto;13/05/2026;13/07/2026;109;Marcia - Compras;12;28/42/56 DIAS;;1.20.08.01.01.00419
75853;03/07/2026;212494;Kit 3/2 Vias 1Suspensor P4 TEE Ø8 P2 Ø12 HALDEX - 501137;60;KT;119,74;22671;HALDEX DO BRASIL IND E COM LTDA;Em Aberto;29/07/2026;29/07/2026;109;Marcia - Compras;12;28/42/56 DIAS;;1.20.08.01.01.00419
75971;09/07/2026;212494;Kit 3/2 Vias 1Suspensor P4 TEE Ø8 P2 Ø12 HALDEX - 501137;50;KT;119,74;22671;HALDEX DO BRASIL IND E COM LTDA;Em Aberto;11/08/2026;11/08/2026;109;Marcia - Compras;12;28/42/56 DIAS;;1.20.08.01.01.00419
75465;12/06/2026;212497;Kit Filtro Linha Ø8 HALDEX- 501288;50;KT;59;22671;HALDEX DO BRASIL IND E COM LTDA;Em Aberto;10/07/2026;14/07/2026;109;Marcia - Compras;12;28/42/56 DIAS;;1.20.08.01.01.00422
75853;03/07/2026;212497;Kit Filtro Linha Ø8 HALDEX- 501288;40;KT;59;22671;HALDEX DO BRASIL IND E COM LTDA;Em Aberto;29/07/2026;29/07/2026;109;Marcia - Compras;12;28/42/56 DIAS;;1.20.08.01.01.00422
75971;09/07/2026;212497;Kit Filtro Linha Ø8 HALDEX- 501288;15;KT;59;22671;HALDEX DO BRASIL IND E COM LTDA;Em Aberto;11/08/2026;11/08/2026;109;Marcia - Compras;12;28/42/56 DIAS;;1.20.08.01.01.00422
75667;26/06/2026;212662;TEE Ø8 X Ø8 X Ø8;160;PC;16,2;20264;COBRA CONEXOES BRASIL IND.METAL.LT.;Em Aberto;10/07/2026;10/07/2026;109;Marcia - Compras;6;28 DIAS;;1.20.08.01.01.00448
75300;03/06/2026;212664;Adaptador M16 (M)XM16 (M);500;PC;6,34;24927;CONTEC INDUSTRIA E COMERCIO LTDA.;Em Aberto;24/07/2026;24/07/2026;109;Marcia - Compras;11;28/35/42 DIAS;;1.20.08.01.01.00450
75256;02/06/2026;212668;Conexao de Encaixe - 12x1,5-M16x1,5 ABC NEWLINEREF. RAUFOSS: 90112016;1.300,00;PC;13,6739;25158;KONGSBERG AUTOMOTIVE LTDA;Em Aberto;26/08/2026;07/12/2026;109;Marcia - Compras;17;30/45 DIAS;;1.20.08.01.01.00454
75975;09/07/2026;212668;Conexao de Encaixe - 12x1,5-M16x1,5 ABC NEWLINEREF. RAUFOSS: 90112016;300;PC;13,6739;25158;KONGSBERG AUTOMOTIVE LTDA;Em Aberto;25/09/2026;25/09/2026;109;Marcia - Compras;17;30/45 DIAS;;1.20.08.01.01.00454
75975;09/07/2026;212678;'Conexao de Encaixe - 8x1,0-M16x1,5 ABC NEWLINEREF. RAUFOSS: 90108016';900;PC;10,3055;25158;KONGSBERG AUTOMOTIVE LTDA;Em Aberto;25/09/2026;25/09/2026;109;Marcia - Compras;17;30/45 DIAS;;1.20.08.01.01.00464
75846;03/07/2026;212857;Chicote EBS Esp Adaptador Wabco 160mm - 8201100210;100;UN;27,71;22472;SINALSUL INDUSTRIA DE AUTO PECAS LTDA;Em Aberto;31/07/2026;31/07/2026;109;Marcia - Compras;28;28/56/84 DIAS;;1.20.08.01.01.00475
75657;25/06/2026;213470;Tomada 7 P Femea ISO 1185 CF9003 - Sinalsul 9111;50;UN;34,92;22472;SINALSUL INDUSTRIA DE AUTO PECAS LTDA;Em Aberto;24/07/2026;24/07/2026;109;Marcia - Compras;28;28/56/84 DIAS;;1.05.01.11.04.00114
75761;30/06/2026;213781;Bobina #14 Zn 1,95x200mm Slitter(Rodape);8.000,00;KG;6,4;25200;SA GONDOLAS DE ACO LTDA;Em Aberto;24/07/2026;24/07/2026;109;Marcia - Compras;14;30/45/60 DIAS;;1.01.02.04.07.00006
75564;19/06/2026;214255;Pneus Goodyear 295/80r22.5 KMAX S GEN2;36;PC;1.733,44;21066;GOODYEAR DO BRASIL PROD.DE BORR.LTD;Em Aberto;20/07/2026;20/07/2026;41;Gibson Ribeiro;8;45 DIAS;;1.20.06.01.01.00048
75943;09/07/2026;214255;Pneus Goodyear 295/80r22.5 KMAX S GEN2;52;PC;1.733,44;21066;GOODYEAR DO BRASIL PROD.DE BORR.LTD;Em Aberto;20/07/2026;20/07/2026;41;Gibson Ribeiro;8;45 DIAS;;1.20.06.01.01.00048
75228;02/06/2026;214758;Painel para regulador de Suspensao Ø8 -  HALDEX 501059;4;KT;336,48;22671;HALDEX DO BRASIL IND E COM LTDA;Em Aberto;18/06/2026;13/07/2026;109;Marcia - Compras;12;28/42/56 DIAS;;1.20.08.01.01.00486
74625;05/05/2026;215347;Sub-Cj Batente Borracha 150mm - PCH;50;CJ;53,9;21907;POLIMERTEC IND COM DE BORRACHA LTDA;Em Aberto;25/05/2026;31/07/2026;109;Marcia - Compras;26;28/56;;5.17.03.01.01.01157
74820;14/05/2026;215347;Sub-Cj Batente Borracha 150mm - PCH;20;CJ;53,9;21907;POLIMERTEC IND COM DE BORRACHA LTDA;Em Aberto;14/05/2026;31/07/2026;109;Marcia - Compras;26;28/56;;5.17.03.01.01.01157
75465;12/06/2026;215510;Cabo Extensao Sensor Gen 4 - 3m HALDEX - 844 401 030;50;PC;30,41;22671;HALDEX DO BRASIL IND E COM LTDA;Em Aberto;10/07/2026;14/07/2026;109;Marcia - Compras;12;28/42/56 DIAS;;1.20.08.01.01.00490
75853;03/07/2026;215510;Cabo Extensao Sensor Gen 4 - 3m HALDEX - 844 401 030;40;PC;30,41;22671;HALDEX DO BRASIL IND E COM LTDA;Em Aberto;29/07/2026;29/07/2026;109;Marcia - Compras;12;28/42/56 DIAS;;1.20.08.01.01.00490
75971;09/07/2026;215510;Cabo Extensao Sensor Gen 4 - 3m HALDEX - 844 401 030;15;PC;30,41;22671;HALDEX DO BRASIL IND E COM LTDA;Em Aberto;11/08/2026;11/08/2026;109;Marcia - Compras;12;28/42/56 DIAS;;1.20.08.01.01.00490
76016;13/07/2026;215553;Tinta Branco Acabamento PU Artico Acryl 2K - Ref Lechler BTP13628L16;8;BD;1.542,00;25133;LECHLER DO BRASIL S/A;Em Aberto;21/07/2026;21/07/2026;104;Jonas Linshalm;9;28/42 DIAS;;1.06.01.01.02.00111
76016;13/07/2026;215555;Catalisador p/Tinta PU Lechsys Esp (Hardener) - Ref Lechler L0290342L4;8;LT;299,51;25133;LECHLER DO BRASIL S/A;Em Aberto;21/07/2026;21/07/2026;104;Jonas Linshalm;9;28/42 DIAS;;1.06.01.03.02.00037
76016;13/07/2026;215556;Diluente Lechsys Universal Standart - Ref LB000825L18;4;LT;364,79;25133;LECHLER DO BRASIL S/A;Em Aberto;21/07/2026;21/07/2026;104;Jonas Linshalm;9;28/42 DIAS;;1.06.01.03.01.00023
75894;07/07/2026;215830;Fita Metrica;10;UN;8,6;24470;LF COMERCIAL DE BENS LTDA-ATACADO JOI;Em Aberto;15/07/2026;15/07/2026;55;Gabriel André Bertram;6;28 DIAS;;4.01.21.01.02.02373
75841;03/07/2026;215843;Grampos Com Porcas C/140mm Rosca - METAL C SP381A;200;UN;63;24330;METALURGICA CECHINATO LTDA;Em Aberto;24/07/2026;24/07/2026;109;Marcia - Compras;14;30/45/60 DIAS;;1.20.05.04.01.00061
75879;06/07/2026;216058;Policarbonato 4mm;1;PC;400;23936;POLISTAMP INDUSTRIA E COMERCIO LTDA;Em Aberto;10/07/2026;10/07/2026;55;Gabriel André Bertram;6;28 DIAS;;4.01.21.01.02.02384
76015;10/07/2026;216058;Policarbonato 4mm;2;PC;252;23936;POLISTAMP INDUSTRIA E COMERCIO LTDA;Em Aberto;15/07/2026;15/07/2026;55;Gabriel André Bertram;6;28 DIAS;;4.01.21.01.02.02384
75335;05/06/2026;216159;Pe Mecanico 24t AL BR240 JOST - 100000569849 (AL00215J01) 785mm;20;CJ;1.798,60;20531;JOST BRASIL - SISTEMAS AUTOMOTIVOS;Em Aberto;28/07/2026;28/07/2026;41;Gibson Ribeiro;9;28/42 DIAS;;1.20.01.01.01.00224
75557;18/06/2026;216159;Pe Mecanico 24t AL BR240 JOST - 100000569849 (AL00215J01) 785mm;20;CJ;1.798,60;20531;JOST BRASIL - SISTEMAS AUTOMOTIVOS;Atendido Parcial;07/08/2026;07/08/2026;41;Gibson Ribeiro;9;28/42 DIAS;;1.20.01.01.01.00224
75689;26/06/2026;216159;Pe Mecanico 24t AL BR240 JOST - 100000569849 (AL00215J01) 785mm;20;CJ;1.798,60;20531;JOST BRASIL - SISTEMAS AUTOMOTIVOS;Em Aberto;17/08/2026;17/08/2026;41;Gibson Ribeiro;9;28/42 DIAS;;1.20.01.01.01.00224
75364;08/06/2026;216681;Bone Personalizado;300;PC;20;24818;B R L BONES PROMOCIONAIS LTDA;Em Aberto;31/07/2026;31/07/2026;55;Gabriel André Bertram;6;28 DIAS;;3.06.01.01.01.00024
75305;03/06/2026;217228;Plaqueta Linshalm Alumino Fundo Preto 488x100x0,7mm;200;PC;34,1;22657;M. L. FAZAN ETIQUETAS & BRINDES;Em Aberto;16/08/2027;14/08/2026;109;Marcia - Compras;23;30/60/90 DIAS;;1.99.04.01.08.00004
75838;03/07/2026;217525;Suspensor Chassi 800mm REF:ESP2427;4;UN;1.040,00;24330;METALURGICA CECHINATO LTDA;Em Aberto;24/07/2026;24/07/2026;109;Marcia - Compras;14;30/45/60 DIAS;;1.20.05.04.01.00063
75839;03/07/2026;217525;Suspensor Chassi 800mm REF:ESP2427;1;UN;1.040,00;24330;METALURGICA CECHINATO LTDA;Em Aberto;07/08/2026;07/08/2026;109;Marcia - Compras;14;30/45/60 DIAS;;1.20.05.04.01.00063
75839;03/07/2026;217525;Suspensor Chassi 800mm REF:ESP2427;1;UN;1.040,00;24330;METALURGICA CECHINATO LTDA;Em Aberto;07/08/2026;07/08/2026;109;Marcia - Compras;14;30/45/60 DIAS;;1.20.05.04.01.00063
75967;09/07/2026;217525;Suspensor Chassi 800mm REF:ESP2427;1;UN;1.040,00;24330;METALURGICA CECHINATO LTDA;Em Aberto;28/08/2026;28/08/2026;109;Marcia - Compras;14;30/45/60 DIAS;;1.20.05.04.01.00063
75165;29/05/2026;217543;Aparelho de Levantamento Gear BR240 Sapata S 100000570474;10;CJ;2.846,95;20531;JOST BRASIL - SISTEMAS AUTOMOTIVOS;Em Aberto;13/07/2026;13/07/2026;41;Gibson Ribeiro;9;28/42 DIAS;;1.20.01.01.01.00300
75321;03/06/2026;217543;Aparelho de Levantamento Gear BR240 Sapata S 100000570474;20;CJ;2.846,95;20531;JOST BRASIL - SISTEMAS AUTOMOTIVOS;Em Aberto;22/07/2026;22/07/2026;41;Gibson Ribeiro;9;28/42 DIAS;;1.20.01.01.01.00300
75405;10/06/2026;217543;Aparelho de Levantamento Gear BR240 Sapata S 100000570474;10;CJ;2.846,95;20531;JOST BRASIL - SISTEMAS AUTOMOTIVOS;Em Aberto;25/07/2026;25/07/2026;41;Gibson Ribeiro;9;28/42 DIAS;;1.20.01.01.01.00300
75688;26/06/2026;217543;Aparelho de Levantamento Gear BR240 Sapata S 100000570474;10;CJ;2.846,95;20531;JOST BRASIL - SISTEMAS AUTOMOTIVOS;Em Aberto;06/08/2026;06/08/2026;41;Gibson Ribeiro;9;28/42 DIAS;;1.20.01.01.01.00300
75767;01/07/2026;217543;Aparelho de Levantamento Gear BR240 Sapata S 100000570474;15;CJ;2.846,95;20531;JOST BRASIL - SISTEMAS AUTOMOTIVOS;Em Aberto;10/08/2026;10/08/2026;41;Gibson Ribeiro;9;28/42 DIAS;;1.20.01.01.01.00300
75972;09/07/2026;218180;Perfil Superior Lateral SDR 15,250mt(94,123 kg/pç) (ES-3974);2.823,69;KG;34,8479;25331;IBRAP INDUSTRIA BRASILEIRA DE ALUMINIO E PLASTICOS SA;Em Aberto;22/08/2026;22/08/2026;109;Marcia - Compras;23;30/60/90 DIAS;;1.02.03.03.01.00010
75932;08/07/2026;219063;Anel Elastico Externo E-20 DIN471;24;PC;0,3881;25169;DL FERRAGENS E FERRAMENTAS LTDA;Em Aberto;10/07/2026;10/07/2026;55;Gabriel André Bertram;6;28 DIAS;;4.01.13.01.01.01798
75932;08/07/2026;219070;Anel Elastico Externo E-24 DIN471;16;PC;0,5721;25169;DL FERRAGENS E FERRAMENTAS LTDA;Em Aberto;10/07/2026;10/07/2026;55;Gabriel André Bertram;6;28 DIAS;;4.01.13.01.01.01797
74209;10/04/2026;219372;Gas Liquefeito Petroleo GLP (Refeitorio);2.851,00;KG;6,98;25369;GAS PONTO COM DISTRIBUIDORA DE GAS S.A.;Atendido Parcial;30/12/2026;30/12/2026;55;Gabriel André Bertram;2;7 DIAS;07/04/2026 - 13/04/2026 - 22/04/2026 - 27/04/2026 - 04/05/2026 - 11/05/2026 - 18/05/2026 - 25/05/2026 - 03/06/2026 - 09/06/2026 - 15/06/2026 - 22/06/2026 - 30/06/2026 - 06/07/2026;3.47.01.01.01.00317
72543;20/01/2026;219373;Chocolate Qualimax 1 KG;50;UN;75;24922;CAFETTI IMPORTADORA LTDA;Atendido Parcial;01/12/2026;01/12/2026;55;Gabriel André Bertram;2;7 DIAS;27/01/2026 - 12/02/2026 - 23/02/2026 - 03/03/2026 - 17/03/2026 - 24/03/2026 - 31/03/2026 - 14/04/2026 - 29/04/2026 - 05/05/2026 - 12/05/2026 - 18/05/2026 - 05/06/2026 - 16/06/2026 - 25/06/2026 - 30/06/2026 - 09/07/2026;3.50.02.02.01.00149
72543;20/01/2026;219374;Cafe Biagini Graos 1 KG;50;UN;107;24922;CAFETTI IMPORTADORA LTDA;Atendido Parcial;01/12/2026;01/12/2026;55;Gabriel André Bertram;2;7 DIAS;20/01/2026 - 27/01/2026 - 12/02/2026 - 23/02/2026 - 03/03/2026 - 17/03/2026 - 24/03/2026 - 31/03/2026 - 14/04/2026 - 29/04/2026 - 05/05/2026 - 12/05/2026 - 18/05/2026 - 05/06/2026 - 16/06/2026 - 25/06/2026 - 30/06/2026;3.50.02.02.01.00150
72543;20/01/2026;219375;Bianco S/ Acucar 510gr;50;UN;33;24922;CAFETTI IMPORTADORA LTDA;Atendido Parcial;01/12/2026;01/12/2026;55;Gabriel André Bertram;2;7 DIAS;20/01/2026 - 27/01/2026 - 23/02/2026 - 03/03/2026 - 24/03/2026 - 31/03/2026 - 14/04/2026 - 05/05/2026 - 18/05/2026 - 05/06/2026 - 16/06/2026 - 25/06/2026 - 30/06/2026;3.50.02.02.01.00151
75867;06/07/2026;219592;Ponteira Fixa spl250 (SPICER);10;PC;459;22903;BULDOZER COMERCIO DE MAQUINAS E EQUIPAMENTOS LTDA;Em Aberto;08/07/2026;08/07/2026;41;Gibson Ribeiro;20;35 DIAS;;1.13.01.05.01.00123
75867;06/07/2026;219593;Garfo Cardan spl250 (BM);10;PC;460;22903;BULDOZER COMERCIO DE MAQUINAS E EQUIPAMENTOS LTDA;Em Aberto;08/07/2026;08/07/2026;41;Gibson Ribeiro;20;35 DIAS;;1.13.01.13.01.00131
75867;06/07/2026;219594;Flange Cardan VOLVO SPL250 (SOROCARD);10;PC;379;22903;BULDOZER COMERCIO DE MAQUINAS E EQUIPAMENTOS LTDA;Em Aberto;08/07/2026;08/07/2026;41;Gibson Ribeiro;20;35 DIAS;;1.13.01.07.01.00110
75867;06/07/2026;219595;Flange Acoplamento SPL250 (SPICER);10;PC;509;22903;BULDOZER COMERCIO DE MAQUINAS E EQUIPAMENTOS LTDA;Em Aberto;08/07/2026;08/07/2026;41;Gibson Ribeiro;20;35 DIAS;;1.13.01.07.01.00111
75867;06/07/2026;219596;Rolamento 60mm Suporte (BM);10;PC;269;22903;BULDOZER COMERCIO DE MAQUINAS E EQUIPAMENTOS LTDA;Em Aberto;08/07/2026;08/07/2026;41;Gibson Ribeiro;20;35 DIAS;;1.13.01.12.01.00050
75867;06/07/2026;219597;Cruzeta BM 232 SPL250;10;PC;178;22903;BULDOZER COMERCIO DE MAQUINAS E EQUIPAMENTOS LTDA;Em Aberto;08/07/2026;08/07/2026;41;Gibson Ribeiro;20;35 DIAS;;1.13.01.02.01.00124
75988;09/07/2026;219598;Terminal Cardan SPL250 (SPICER);4;PC;759;22903;BULDOZER COMERCIO DE MAQUINAS E EQUIPAMENTOS LTDA;Em Aberto;13/07/2026;13/07/2026;41;Gibson Ribeiro;20;35 DIAS;;1.13.01.03.01.00141
75988;09/07/2026;219599;Abracadeira SPL250 (BM);6;PC;54;22903;BULDOZER COMERCIO DE MAQUINAS E EQUIPAMENTOS LTDA;Em Aberto;13/07/2026;13/07/2026;41;Gibson Ribeiro;20;35 DIAS;;1.13.01.08.01.00079
75211;01/06/2026;219754;Perfil Al PT - 2990mm 2,3908kg/pc;200;PC;78,87;21594;COMPANHIA BRASILEIRA DE ALUMINIO;Em Aberto;16/07/2026;16/07/2026;104;Jonas Linshalm;2;7 DIAS;;1.02.03.01.03.00012
75787;01/07/2026;219754;Perfil Al PT - 2990mm 2,3908kg/pc;200;PC;78,87;21594;COMPANHIA BRASILEIRA DE ALUMINIO;Em Aberto;10/08/2026;10/08/2026;104;Jonas Linshalm;2;7 DIAS;;1.02.03.01.03.00012
75657;25/06/2026;220372;Lant Delimit LEDS Bivolt Saida Term AM - 07.5377;50;PC;8,67;22472;SINALSUL INDUSTRIA DE AUTO PECAS LTDA;Em Aberto;24/07/2026;24/07/2026;109;Marcia - Compras;28;28/56/84 DIAS;;1.05.01.01.01.00124
75845;03/07/2026;220380;Cabo 2 Vias 2m Resinado Ambas Extremidades CORT 20.0020;60;PC;8,98;22472;SINALSUL INDUSTRIA DE AUTO PECAS LTDA;Em Aberto;07/08/2026;07/08/2026;109;Marcia - Compras;28;28/56/84 DIAS;;1.05.01.06.01.00092
75457;12/06/2026;220389;Cabo 2 Vias 20m Resinado Ambas Extremidades CORR 20.0200;50;PC;84,57;22472;SINALSUL INDUSTRIA DE AUTO PECAS LTDA;Em Aberto;17/07/2026;17/07/2026;109;Marcia - Compras;28;28/56/84 DIAS;;1.05.01.06.01.00097
75457;12/06/2026;220392;Cabo 2 Vias 1,5m Resinado Tyco 2 Vias Macho - CORT 20.0015;100;PC;12,55;22472;SINALSUL INDUSTRIA DE AUTO PECAS LTDA;Em Aberto;17/07/2026;17/07/2026;109;Marcia - Compras;28;28/56/84 DIAS;;1.05.01.06.01.00099
75657;25/06/2026;220392;Cabo 2 Vias 1,5m Resinado Tyco 2 Vias Macho - CORT 20.0015;80;PC;12,55;22472;SINALSUL INDUSTRIA DE AUTO PECAS LTDA;Em Aberto;24/07/2026;24/07/2026;109;Marcia - Compras;28;28/56/84 DIAS;;1.05.01.06.01.00099
75846;03/07/2026;220392;Cabo 2 Vias 1,5m Resinado Tyco 2 Vias Macho - CORT 20.0015;60;PC;12,55;22472;SINALSUL INDUSTRIA DE AUTO PECAS LTDA;Em Aberto;31/07/2026;31/07/2026;109;Marcia - Compras;28;28/56/84 DIAS;;1.05.01.06.01.00099
75457;12/06/2026;220395;Cabo 2 Vias 7,5m Resinado e Tyco 2 Vias Macho CORT 20.0075;100;PC;38,24;22472;SINALSUL INDUSTRIA DE AUTO PECAS LTDA;Em Aberto;17/07/2026;17/07/2026;109;Marcia - Compras;28;28/56/84 DIAS;;1.05.01.06.01.00102
75846;03/07/2026;220395;Cabo 2 Vias 7,5m Resinado e Tyco 2 Vias Macho CORT 20.0075;60;PC;38,24;22472;SINALSUL INDUSTRIA DE AUTO PECAS LTDA;Em Aberto;31/07/2026;31/07/2026;109;Marcia - Compras;28;28/56/84 DIAS;;1.05.01.06.01.00102
75457;12/06/2026;220397;Cabo 2 Vias VD 8000mm Resinado Tyco 2 Vias Macho - 87.C0RT.25.0080 ;10;PC;40,26;22472;SINALSUL INDUSTRIA DE AUTO PECAS LTDA;Em Aberto;17/07/2026;17/07/2026;109;Marcia - Compras;28;28/56/84 DIAS;;1.05.01.06.01.00104
75456;12/06/2026;220398;Cabo 2 Vias VD 13m Resinado Tyco 2 Vias Macho - 87.C0RT.25.0130 ;10;PC;61,64;22472;SINALSUL INDUSTRIA DE AUTO PECAS LTDA;Em Aberto;10/07/2026;17/07/2026;109;Marcia - Compras;28;28/56/84 DIAS;;1.05.01.06.01.00105
75457;12/06/2026;220400;Cabo 2 Vias AM 8000mm Resinado Tyco 2 Vias Macho - 87.C0RT.26.0080;10;PC;40,26;22472;SINALSUL INDUSTRIA DE AUTO PECAS LTDA;Em Aberto;17/07/2026;17/07/2026;109;Marcia - Compras;28;28/56/84 DIAS;;1.05.01.06.01.00107
75456;12/06/2026;220401;Cabo 2 Vias AM 13m Resinado Tyco 2 Vias Macho - 87.C0RT.26.0130 ;10;PC;61,64;22472;SINALSUL INDUSTRIA DE AUTO PECAS LTDA;Em Aberto;10/07/2026;17/07/2026;109;Marcia - Compras;28;28/56/84 DIAS;;1.05.01.06.01.00108
75456;12/06/2026;220402;Cabo 2 Vias VD 16,5m Tyco 2 Vias Macho Ambas Extremidades;50;PC;82,32;22472;SINALSUL INDUSTRIA DE AUTO PECAS LTDA;Em Aberto;10/07/2026;17/07/2026;109;Marcia - Compras;28;28/56/84 DIAS;;1.05.01.06.01.00109
75657;25/06/2026;220402;Cabo 2 Vias VD 16,5m Tyco 2 Vias Macho Ambas Extremidades;40;PC;82,32;22472;SINALSUL INDUSTRIA DE AUTO PECAS LTDA;Em Aberto;24/07/2026;24/07/2026;109;Marcia - Compras;28;28/56/84 DIAS;;1.05.01.06.01.00109
75456;12/06/2026;220403;Cabo 2 Vias AM 16,5m Tyco 2 Vias Macho Ambas Extremidades;50;PC;76,04;22472;SINALSUL INDUSTRIA DE AUTO PECAS LTDA;Em Aberto;10/07/2026;17/07/2026;109;Marcia - Compras;28;28/56/84 DIAS;;1.05.01.06.01.00110
75657;25/06/2026;220403;Cabo 2 Vias AM 16,5m Tyco 2 Vias Macho Ambas Extremidades;40;PC;76,04;22472;SINALSUL INDUSTRIA DE AUTO PECAS LTDA;Em Aberto;24/07/2026;24/07/2026;109;Marcia - Compras;28;28/56/84 DIAS;;1.05.01.06.01.00110
75657;25/06/2026;220406;Conj Cabo 7v P 16m C SS F + Saida EBS 1500 Tyco 2v Femea;40;PC;317,34;22472;SINALSUL INDUSTRIA DE AUTO PECAS LTDA;Em Aberto;24/07/2026;24/07/2026;109;Marcia - Compras;28;28/56/84 DIAS;;1.05.01.06.01.00113
75657;25/06/2026;220412;Chicote Y Tras 1500mm e 1500mm C/ TYCO 5V - 87.Y000.50.1515;40;PC;52,25;22472;SINALSUL INDUSTRIA DE AUTO PECAS LTDA;Em Aberto;24/07/2026;24/07/2026;109;Marcia - Compras;28;28/56/84 DIAS;;1.05.01.06.01.00119
75846;03/07/2026;220412;Chicote Y Tras 1500mm e 1500mm C/ TYCO 5V - 87.Y000.50.1515;40;PC;52,25;22472;SINALSUL INDUSTRIA DE AUTO PECAS LTDA;Em Aberto;31/07/2026;31/07/2026;109;Marcia - Compras;28;28/56/84 DIAS;;1.05.01.06.01.00119
75970;09/07/2026;220956;Susp PN H440S/Valv Nivel C/Sensor RD ALU ABS3099004X62KLL;1;PC;14.930,79;24843;SAF-HOLLAND DO BRASIL IND PROD EIXOS E EQUIP;Em Aberto;18/08/2026;18/08/2026;41;Gibson Ribeiro;12;28/42/56 DIAS;;1.20.04.01.01.00130
75970;09/07/2026;220957;Susp PN H440 S/Valv Nivel Simples RD ALU 3099004X64 -KLL;1;PC;14.152,47;24843;SAF-HOLLAND DO BRASIL IND PROD EIXOS E EQUIP;Em Aberto;18/08/2026;18/08/2026;41;Gibson Ribeiro;12;28/42/56 DIAS;;1.20.04.01.01.00131
75801;02/07/2026;221411;Cinta Inf Pescoco 14x130x3534mm - CI;2;PC;89,42;22193;BAUMANN IND E COM DE ACOS LTDA;Em Aberto;15/07/2026;20/07/2026;109;Marcia - Compras;7;30 DIAS;;5.20.01.01.01.00326
75801;02/07/2026;221412;Cinta Sup Pescoco 14x130x4067mm - CI;2;PC;101,27;22193;BAUMANN IND E COM DE ACOS LTDA;Em Aberto;15/07/2026;20/07/2026;109;Marcia - Compras;7;30 DIAS;;5.20.01.01.01.00327
73512;06/03/2026;221557;Flowmeter Body Ref: 1001-0046 (vtr);5;PC;768;23118;VTR BRASIL COM EQUIP. OXICORTE EIRELI - EPP;Em Aberto;07/07/2026;31/07/2026;55;Gabriel André Bertram;82;15 dias;;4.01.21.01.02.02597
73512;06/03/2026;221558;Flowmeter intelt Ref: 0910-0073 (VTR);15;PC;112,52;23118;VTR BRASIL COM EQUIP. OXICORTE EIRELI - EPP;Em Aberto;07/07/2026;31/07/2026;55;Gabriel André Bertram;82;15 dias;;4.01.21.01.02.02598
75752;30/06/2026;221568;Chapa 7,94 1200x6000 A36;20.000,00;KG;4,95;24937;MALTA RIO INDUSTRIAL LTDA;Atendido Parcial;24/07/2026;24/07/2026;109;Marcia - Compras;45;30/45/60/75;10/07/2026;1.01.01.02.02.00055
75976;09/07/2026;221675;Capa Leve Nº16;100;PC;2,5;21691;BERTOLDI MANGUEIRAS E CONEXOES LTDA;Em Aberto;23/07/2026;23/07/2026;55;Gabriel André Bertram;6;28 DIAS;;4.01.13.01.01.01953
75927;08/07/2026;221891;Disco De Corte Aluminio 4.1/2' 115x1,0x22,23mm;20;PC;9,54;25396;CICAMPO MAQUINAS E FERRAMENTAS LTDA;Em Aberto;15/07/2026;15/07/2026;55;Gabriel André Bertram;6;28 DIAS;;2.01.02.01.02.00025
74663;07/05/2026;221996;Valvula Proporcional E32;2;PC;18.450,00;25545;MHG COMERCIO E MANUTENCAO INDUSTRIAL LTDA;Em Aberto;07/05/2026;10/07/2026;55;Gabriel André Bertram;12;28/42/56 DIAS;;4.01.21.01.02.02633
74539;28/04/2026;222600;BOMBA DUPLA ENGRENAGEM POLARIS 20/10PLP20?14 D0-82E2-LEB/EA-N-FL + PLP10?3,15 D0-81E1-LBB/BA-N-EL-FS;1;PC;11.780,00;23890;HYDRAMASTER AUTOMACAO HIDRAULICA LTDA ME;Em Aberto;01/09/2026;01/09/2026;55;Gabriel André Bertram;26;28/56;;4.01.20.01.01.00715
75929;08/07/2026;222718;Pneus Royalblack 295/80r22.5 SL 102;32;PC;1.263,57;25438;TIMPTRADE COMERCIAL IMPORTADORA E EXPORTADORA LTDA;Em Aberto;17/07/2026;17/07/2026;41;Gibson Ribeiro;4;14 DIAS;;1.20.06.01.01.00056
75160;28/05/2026;222745;KIT Reguladora de Fluxo WABCO - 4006523270;50;KT;132,33;24557;ZF AUTOMOTIVE BRASIL LTDA;Em Aberto;27/06/2026;27/06/2026;41;Gibson Ribeiro;9;28/42 DIAS;;1.20.08.01.01.00499
75794;02/07/2026;222745;KIT Reguladora de Fluxo WABCO - 4006523270;60;KT;132,33;24557;ZF AUTOMOTIVE BRASIL LTDA;Em Aberto;31/07/2026;31/07/2026;41;Gibson Ribeiro;9;28/42 DIAS;;1.20.08.01.01.00499
75160;28/05/2026;222746;KIT Válvula Push-Pull WABCO - 4006526950;100;UN;93,2;24557;ZF AUTOMOTIVE BRASIL LTDA;Em Aberto;27/06/2026;27/06/2026;41;Gibson Ribeiro;9;28/42 DIAS;;1.23.01.01.01.00941
75764;01/07/2026;222746;KIT Válvula Push-Pull WABCO - 4006526950;60;UN;93,2;24557;ZF AUTOMOTIVE BRASIL LTDA;Em Aberto;29/07/2026;29/07/2026;41;Gibson Ribeiro;9;28/42 DIAS;;1.23.01.01.01.00941
75420;11/06/2026;222747;KIT Filtro de Linha com Anteparo WABCO - 4006523950;60;KT;103,39;24557;ZF AUTOMOTIVE BRASIL LTDA;Em Aberto;10/07/2026;10/07/2026;41;Gibson Ribeiro;9;28/42 DIAS;;1.20.08.01.01.00500
75605;22/06/2026;222747;KIT Filtro de Linha com Anteparo WABCO - 4006523950;60;KT;103,39;24557;ZF AUTOMOTIVE BRASIL LTDA;Em Aberto;22/07/2026;22/07/2026;41;Gibson Ribeiro;9;28/42 DIAS;;1.20.08.01.01.00500
75892;07/07/2026;222747;KIT Filtro de Linha com Anteparo WABCO - 4006523950;30;KT;103,39;24557;ZF AUTOMOTIVE BRASIL LTDA;Em Aberto;06/08/2026;06/08/2026;41;Gibson Ribeiro;9;28/42 DIAS;;1.20.08.01.01.00500
75160;28/05/2026;222748;Kit PRV + Tomada de teste WABCO - 9710030290;50;KT;565,21;24557;ZF AUTOMOTIVE BRASIL LTDA;Em Aberto;27/06/2026;27/06/2026;41;Gibson Ribeiro;9;28/42 DIAS;;1.20.08.01.01.00501
75903;08/07/2026;222748;Kit PRV + Tomada de teste WABCO - 9710030290;40;KT;565,21;24557;ZF AUTOMOTIVE BRASIL LTDA;Em Aberto;07/08/2026;07/08/2026;41;Gibson Ribeiro;9;28/42 DIAS;;1.20.08.01.01.00501
75160;28/05/2026;222749;Kit Valvula Relé (Veiculo Longo - 15m) WABCO - 4006526940;50;KT;160,34;24557;ZF AUTOMOTIVE BRASIL LTDA;Em Aberto;27/06/2026;27/06/2026;41;Gibson Ribeiro;9;28/42 DIAS;;1.20.08.01.01.00502
75794;02/07/2026;222749;Kit Valvula Relé (Veiculo Longo - 15m) WABCO - 4006526940;60;KT;160,34;24557;ZF AUTOMOTIVE BRASIL LTDA;Em Aberto;31/07/2026;31/07/2026;41;Gibson Ribeiro;9;28/42 DIAS;;1.20.08.01.01.00502
75160;28/05/2026;222752;Central iEBS Basic Steel WABCO - 4801021050;50;PC;3.183,38;24557;ZF AUTOMOTIVE BRASIL LTDA;Em Aberto;27/06/2026;27/06/2026;41;Gibson Ribeiro;9;28/42 DIAS;;1.20.08.01.01.00503
75794;02/07/2026;222752;Central iEBS Basic Steel WABCO - 4801021050;40;PC;3.183,38;24557;ZF AUTOMOTIVE BRASIL LTDA;Em Aberto;31/07/2026;31/07/2026;41;Gibson Ribeiro;9;28/42 DIAS;;1.20.08.01.01.00503
75160;28/05/2026;222753;Cabo Lampada Advertência - 10m iEBS - WABCO - 4499401000;50;PC;84,13;24557;ZF AUTOMOTIVE BRASIL LTDA;Em Aberto;27/06/2026;27/06/2026;41;Gibson Ribeiro;9;28/42 DIAS;;1.20.08.01.01.00504
75764;01/07/2026;222753;Cabo Lampada Advertência - 10m iEBS - WABCO - 4499401000;30;PC;84,13;24557;ZF AUTOMOTIVE BRASIL LTDA;Em Aberto;30/07/2026;30/07/2026;41;Gibson Ribeiro;9;28/42 DIAS;;1.20.08.01.01.00504
75160;28/05/2026;222754;Cabo Alimentação ISO 7638 F (15m) iEBS WABCO - 4491751500;50;PC;436,01;24557;ZF AUTOMOTIVE BRASIL LTDA;Em Aberto;27/06/2026;27/06/2026;41;Gibson Ribeiro;9;28/42 DIAS;;1.20.08.01.01.00505
75764;01/07/2026;222754;Cabo Alimentação ISO 7638 F (15m) iEBS WABCO - 4491751500;30;PC;436,01;24557;ZF AUTOMOTIVE BRASIL LTDA;Em Aberto;30/07/2026;30/07/2026;41;Gibson Ribeiro;9;28/42 DIAS;;1.20.08.01.01.00505
75160;28/05/2026;222755;Cabo In/Out 24N (6m) iEBS WABCO - 4493610600;50;PC;107,36;24557;ZF AUTOMOTIVE BRASIL LTDA;Em Aberto;27/06/2026;27/06/2026;41;Gibson Ribeiro;9;28/42 DIAS;;1.20.08.01.01.00506
75764;01/07/2026;222755;Cabo In/Out 24N (6m) iEBS WABCO - 4493610600;30;PC;107,36;24557;ZF AUTOMOTIVE BRASIL LTDA;Em Aberto;30/07/2026;30/07/2026;41;Gibson Ribeiro;9;28/42 DIAS;;1.20.08.01.01.00506
75160;28/05/2026;222756;Cabo Extensão Sensor (1.8m) iEBS WABCO - 4497330180;100;PC;29,02;24557;ZF AUTOMOTIVE BRASIL LTDA;Em Aberto;27/06/2026;27/06/2026;41;Gibson Ribeiro;9;28/42 DIAS;;1.20.08.01.01.00507
75794;02/07/2026;222756;Cabo Extensão Sensor (1.8m) iEBS WABCO - 4497330180;60;PC;29,02;24557;ZF AUTOMOTIVE BRASIL LTDA;Em Aberto;31/07/2026;31/07/2026;41;Gibson Ribeiro;9;28/42 DIAS;;1.20.08.01.01.00507
75160;28/05/2026;222757;Cabo LACV/RSS (6m) iEBS WABCO - 4494080600;50;PC;67,57;24557;ZF AUTOMOTIVE BRASIL LTDA;Em Aberto;27/06/2026;27/06/2026;41;Gibson Ribeiro;9;28/42 DIAS;;1.20.08.01.01.00508
75764;01/07/2026;222757;Cabo LACV/RSS (6m) iEBS WABCO - 4494080600;30;PC;67,57;24557;ZF AUTOMOTIVE BRASIL LTDA;Em Aberto;30/07/2026;30/07/2026;41;Gibson Ribeiro;9;28/42 DIAS;;1.20.08.01.01.00508
75798;02/07/2026;223041;Porta ROLL-UP PORTABRAS  M24 (2600x2935)(VT38)(Alt 80mm);5;CJ;4.190,00;25245;MTN SOLUCOES INDUSTRIAIS LTDA.;Em Aberto;27/07/2026;27/07/2026;109;Marcia - Compras;26;28/56;;1.15.01.01.01.00020
75457;12/06/2026;223191;Lanterna Traseira Turn LED C/ Guia de Luz Bi-Volt Sequencial C/ Flashing (Ref. SinalSul: 2236 06 30 50);4;PC;223,37;22472;SINALSUL INDUSTRIA DE AUTO PECAS LTDA;Em Aberto;17/07/2026;17/07/2026;109;Marcia - Compras;28;28/56/84 DIAS;;1.05.01.01.01.00127
75825;03/07/2026;223228;Sirene De Re SinalSul Bivolt Saida Cabo PP 2m - Ref: 5100 26 31 60;70;PC;66,76;22472;SINALSUL INDUSTRIA DE AUTO PECAS LTDA;Em Aberto;10/07/2026;31/07/2026;109;Marcia - Compras;28;28/56/84 DIAS;;1.05.01.01.01.00128
75843;03/07/2026;223228;Sirene De Re SinalSul Bivolt Saida Cabo PP 2m - Ref: 5100 26 31 60;70;PC;66,76;22472;SINALSUL INDUSTRIA DE AUTO PECAS LTDA;Em Aberto;07/08/2026;07/08/2026;109;Marcia - Compras;28;28/56/84 DIAS;;1.05.01.01.01.00128
76006;10/07/2026;223255;Paraf Sxt 3/4x7.1/2' UNC ZN;0,1;CT;2.873,75;25417;TORNEARIA BARBIERI LTDA.;Em Aberto;24/07/2026;24/07/2026;55;Gabriel André Bertram;7;30 DIAS;;1.04.01.09.01.00739
76006;10/07/2026;223375;Paraf M20x2,50x65 DIN933 CB SXT RT Aco 8.8 GF - Cabeca Sextavada Rosca Total - Galvanizado a Fogo;0,2;CT;1.271,10;25417;TORNEARIA BARBIERI LTDA.;Em Aberto;24/07/2026;24/07/2026;55;Gabriel André Bertram;7;30 DIAS;;1.04.01.09.01.00740
74593;30/04/2026;223389;Susp PN Fixa 1910 17,5' - ADR;6;CJ;33.400,00;23851;ADR BRASIL EIXOS LTDA;Em Aberto;10/08/2026;10/08/2026;41;Gibson Ribeiro;23;30/60/90 DIAS;;1.20.04.03.01.00214
74593;30/04/2026;223390;Susp PN AutoDir 1910 17,5' - ADR;3;CJ;45.200,00;23851;ADR BRASIL EIXOS LTDA;Em Aberto;10/08/2026;10/08/2026;41;Gibson Ribeiro;23;30/60/90 DIAS;;1.20.04.03.01.00215
74593;30/04/2026;223391;Susp PN Fixa 2310 17,5' - ADR;14;CJ;34.100,00;23851;ADR BRASIL EIXOS LTDA;Em Aberto;10/08/2026;10/08/2026;41;Gibson Ribeiro;23;30/60/90 DIAS;;1.20.04.03.01.00216
74593;30/04/2026;223392;Susp PN AutoDir 2310 17,5' - ADR;7;CJ;46.000,00;23851;ADR BRASIL EIXOS LTDA;Em Aberto;10/08/2026;10/08/2026;41;Gibson Ribeiro;23;30/60/90 DIAS;;1.20.04.03.01.00217
74619;05/05/2026;223509;Susp PN Fixa 1910 22,5' - ADR;2;CJ;25.050,00;23851;ADR BRASIL EIXOS LTDA;Em Aberto;11/07/2026;11/07/2026;41;Gibson Ribeiro;23;30/60/90 DIAS;;1.20.04.03.01.00219
74619;05/05/2026;223510;Susp PN Direcional 1910 22,5' - ADR;2;CJ;40.000,00;23851;ADR BRASIL EIXOS LTDA;Em Aberto;11/07/2026;11/07/2026;41;Gibson Ribeiro;23;30/60/90 DIAS;;1.20.04.03.01.00220
74872;15/05/2026;223584;Conexao de Encaixe - 15x1,5-M16x1,5 ABC NEWLINE;150;PC;26,11;25158;KONGSBERG AUTOMOTIVE LTDA;Em Aberto;29/05/2026;08/09/2026;109;Marcia - Compras;17;30/45 DIAS;;1.20.08.01.01.00512
75252;02/06/2026;223584;Conexao de Encaixe - 15x1,5-M16x1,5 ABC NEWLINE;200;PC;26,11;25158;KONGSBERG AUTOMOTIVE LTDA;Em Aberto;17/06/2026;09/10/2026;109;Marcia - Compras;17;30/45 DIAS;;1.20.08.01.01.00512
75255;02/06/2026;223584;Conexao de Encaixe - 15x1,5-M16x1,5 ABC NEWLINE;350;PC;26,11;25158;KONGSBERG AUTOMOTIVE LTDA;Em Aberto;18/07/2026;09/11/2026;109;Marcia - Compras;17;30/45 DIAS;;1.20.08.01.01.00512
75256;02/06/2026;223584;Conexao de Encaixe - 15x1,5-M16x1,5 ABC NEWLINE;250;PC;26,11;25158;KONGSBERG AUTOMOTIVE LTDA;Em Aberto;26/08/2026;07/12/2026;109;Marcia - Compras;17;30/45 DIAS;;1.20.08.01.01.00512
74872;15/05/2026;223585;Conexao de Encaixe - 15x1,5-M22x1,5 ABC NEWLINE;60;PC;22,49;25158;KONGSBERG AUTOMOTIVE LTDA;Em Aberto;29/05/2026;08/09/2026;109;Marcia - Compras;17;30/45 DIAS;;1.20.08.01.01.00513
75255;02/06/2026;223585;Conexao de Encaixe - 15x1,5-M22x1,5 ABC NEWLINE;120;PC;22,49;25158;KONGSBERG AUTOMOTIVE LTDA;Em Aberto;19/06/2026;09/11/2026;109;Marcia - Compras;17;30/45 DIAS;;1.20.08.01.01.00513
74872;15/05/2026;223586;Conexao Anteparo M.M22x1,5-F.M16x1,5-M.M16x1,5;100;PC;22,02;25158;KONGSBERG AUTOMOTIVE LTDA;Em Aberto;29/05/2026;08/09/2026;109;Marcia - Compras;17;30/45 DIAS;;1.20.08.01.01.00514
75252;02/06/2026;223586;Conexao Anteparo M.M22x1,5-F.M16x1,5-M.M16x1,5;300;PC;22,02;25158;KONGSBERG AUTOMOTIVE LTDA;Em Aberto;17/06/2026;09/10/2026;109;Marcia - Compras;17;30/45 DIAS;;1.20.08.01.01.00514
75255;02/06/2026;223586;Conexao Anteparo M.M22x1,5-F.M16x1,5-M.M16x1,5;900;PC;22,02;25158;KONGSBERG AUTOMOTIVE LTDA;Em Aberto;18/07/2026;09/11/2026;109;Marcia - Compras;17;30/45 DIAS;;1.20.08.01.01.00514
75256;02/06/2026;223586;Conexao Anteparo M.M22x1,5-F.M16x1,5-M.M16x1,5;450;PC;22,02;25158;KONGSBERG AUTOMOTIVE LTDA;Em Aberto;26/08/2026;07/12/2026;109;Marcia - Compras;17;30/45 DIAS;;1.20.08.01.01.00514
74872;15/05/2026;223587;Conexao Contraporca M22x1,5mm;300;PC;6,46;25158;KONGSBERG AUTOMOTIVE LTDA;Em Aberto;29/05/2026;08/09/2026;109;Marcia - Compras;17;30/45 DIAS;;1.20.08.01.01.00515
75252;02/06/2026;223587;Conexao Contraporca M22x1,5mm;900;PC;6,46;25158;KONGSBERG AUTOMOTIVE LTDA;Em Aberto;17/06/2026;09/10/2026;109;Marcia - Compras;17;30/45 DIAS;;1.20.08.01.01.00515
75255;02/06/2026;223587;Conexao Contraporca M22x1,5mm;1.200,00;PC;6,46;25158;KONGSBERG AUTOMOTIVE LTDA;Em Aberto;18/07/2026;09/11/2026;109;Marcia - Compras;17;30/45 DIAS;;1.20.08.01.01.00515
75256;02/06/2026;223587;Conexao Contraporca M22x1,5mm;1.200,00;PC;6,46;25158;KONGSBERG AUTOMOTIVE LTDA;Em Aberto;26/08/2026;07/12/2026;109;Marcia - Compras;17;30/45 DIAS;;1.20.08.01.01.00515
75450;12/06/2026;223587;Conexao Contraporca M22x1,5mm;900;PC;6,46;25158;KONGSBERG AUTOMOTIVE LTDA;Em Aberto;03/09/2026;07/12/2026;109;Marcia - Compras;17;30/45 DIAS;;1.20.08.01.01.00515
75160;28/05/2026;223590;Plaqueta Suspensor WABCO - 8992060004;50;PC;2,59;24557;ZF AUTOMOTIVE BRASIL LTDA;Em Aberto;27/06/2026;27/06/2026;41;Gibson Ribeiro;9;28/42 DIAS;;1.20.08.01.01.00516
75794;02/07/2026;223590;Plaqueta Suspensor WABCO - 8992060004;60;PC;2,59;24557;ZF AUTOMOTIVE BRASIL LTDA;Em Aberto;31/07/2026;31/07/2026;41;Gibson Ribeiro;9;28/42 DIAS;;1.20.08.01.01.00516
75160;28/05/2026;223593;Cartela Adesivos iEBS WABCO - 8306030814;50;PC;11,72;24557;ZF AUTOMOTIVE BRASIL LTDA;Em Aberto;27/06/2026;27/06/2026;41;Gibson Ribeiro;9;28/42 DIAS;;1.20.08.01.01.00517
75657;25/06/2026;223626;Chicote Esp Aux 7Vias 200mm C M E F +Tyco 2V F 200mm P/ RSS;60;PC;94,58;22472;SINALSUL INDUSTRIA DE AUTO PECAS LTDA;Em Aberto;24/07/2026;24/07/2026;109;Marcia - Compras;28;28/56/84 DIAS;;1.05.01.06.01.00121
75657;25/06/2026;223627;Chicote EBS Esp Adaptador RSS WABCO 300mm;60;PC;24,28;22472;SINALSUL INDUSTRIA DE AUTO PECAS LTDA;Em Aberto;24/07/2026;24/07/2026;109;Marcia - Compras;28;28/56/84 DIAS;;1.05.01.06.01.00122
75729;30/06/2026;223666;Chapa 6,35(1/4)x1500x6000mm LNE380/ASTM A572Gr50;4.000,00;KG;5,8;25014;PIRES DO RIO CIBRACO COMERCIO E INDUSTRIA DE FERRO E ACO LTD;Em Aberto;24/07/2026;24/07/2026;109;Marcia - Compras;30;28/35/42/49/56;;1.01.01.03.01.00013
75727;30/06/2026;223667;Chapa 7,94(5/16)x1500x6000mm LNE380/ASTM A572Gr50;4.000,00;KG;5,8;25014;PIRES DO RIO CIBRACO COMERCIO E INDUSTRIA DE FERRO E ACO LTD;Em Aberto;24/07/2026;24/07/2026;109;Marcia - Compras;30;28/35/42/49/56;;1.01.01.02.01.00007
75730;30/06/2026;223671;Chapa 15,88(5/8)x1500x6000mm LNE380/ASTM A572Gr50;4.000,00;KG;6,11;25014;PIRES DO RIO CIBRACO COMERCIO E INDUSTRIA DE FERRO E ACO LTD;Em Aberto;24/07/2026;24/07/2026;109;Marcia - Compras;30;28/35/42/49/56;;1.01.01.18.01.00046
75726;30/06/2026;223672;Chapa 19,05(3/4)x1500x6000mm LNE380/ASTM A572Gr50;8.000,00;KG;6,11;25014;PIRES DO RIO CIBRACO COMERCIO E INDUSTRIA DE FERRO E ACO LTD;Atendido Parcial;24/07/2026;24/07/2026;109;Marcia - Compras;30;28/35/42/49/56;07/07/2026;1.01.01.18.01.00047
74187;08/04/2026;223732;Caixa 1 Andar com Suporte 1,16x0,56 x 0,64 Logomarca modelo ECONÔMICA 09;50;UN;990;24879;PC COZINHAS - INDUSTRIA DE ACESSORIOS LTDA;Em Aberto;22/06/2026;17/07/2026;109;Marcia - Compras;23;30/60/90 DIAS;;1.05.01.11.04.00139
74895;15/05/2026;223732;Caixa 1 Andar com Suporte 1,16x0,56 x 0,64 Logomarca modelo ECONÔMICA 09;50;UN;990;24879;PC COZINHAS - INDUSTRIA DE ACESSORIOS LTDA;Em Aberto;01/08/2026;07/08/2026;109;Marcia - Compras;23;30/60/90 DIAS;;1.05.01.11.04.00139
75483;12/06/2026;223732;Caixa 1 Andar com Suporte 1,16x0,56 x 0,64 Logomarca modelo ECONÔMICA 09;40;UN;990;24879;PC COZINHAS - INDUSTRIA DE ACESSORIOS LTDA;Em Aberto;18/08/2026;14/08/2026;109;Marcia - Compras;23;30/60/90 DIAS;;1.05.01.11.04.00139
75362;08/06/2026;223767;Mandril Aperto Rápido 1/2? x 1/2?;1;PC;155,81;23878;AUTORIZADA ASSISTENCIA TECNICA E COMERCIO DE PECAS;Em Aberto;22/06/2026;22/06/2026;206;Leonardo Pereira Falconeli Dos Santos;6;28 DIAS;;4.01.21.01.02.02683
75270;03/06/2026;223813;Valvula 3/2 Vias Simples BREX - VA300005;640;PC;62;23738;USIMASTER PECAS DE PRECISAO LTDA;Em Aberto;18/07/2026;17/07/2026;109;Marcia - Compras;7;30 DIAS;;1.20.07.01.01.00495
75271;03/06/2026;223813;Valvula 3/2 Vias Simples BREX - VA300005;280;PC;62;23738;USIMASTER PECAS DE PRECISAO LTDA;Em Aberto;26/08/2026;21/08/2026;109;Marcia - Compras;7;30 DIAS;;1.20.07.01.01.00495
75978;09/07/2026;223813;Valvula 3/2 Vias Simples BREX - VA300005;200;PC;62;23738;USIMASTER PECAS DE PRECISAO LTDA;Em Aberto;25/09/2026;25/09/2026;109;Marcia - Compras;7;30 DIAS;;1.20.07.01.01.00495
75254;02/06/2026;223815;Conexão de Encaixe T&L ABC - RegularREF. RAUFOSS: 92050010;210;PC;6,46;25158;KONGSBERG AUTOMOTIVE LTDA;Em Aberto;17/06/2026;09/10/2026;109;Marcia - Compras;17;30/45 DIAS;;1.20.08.01.01.00518
75255;02/06/2026;223815;Conexão de Encaixe T&L ABC - RegularREF. RAUFOSS: 92050010;770;PC;6,46;25158;KONGSBERG AUTOMOTIVE LTDA;Em Aberto;18/07/2026;09/11/2026;109;Marcia - Compras;17;30/45 DIAS;;1.20.08.01.01.00518
75256;02/06/2026;223815;Conexão de Encaixe T&L ABC - RegularREF. RAUFOSS: 92050010;350;PC;6,46;25158;KONGSBERG AUTOMOTIVE LTDA;Em Aberto;26/08/2026;07/12/2026;109;Marcia - Compras;17;30/45 DIAS;;1.20.08.01.01.00518
75977;09/07/2026;223815;Conexão de Encaixe T&L ABC - RegularREF. RAUFOSS: 92050010;560;PC;6,46;25158;KONGSBERG AUTOMOTIVE LTDA;Em Aberto;09/10/2026;09/10/2026;109;Marcia - Compras;17;30/45 DIAS;;1.20.08.01.01.00518
75249;02/06/2026;223816;Conexão de Encaixe Cotovelo 90º ABC - Regular;200;PC;5,97;25158;KONGSBERG AUTOMOTIVE LTDA;Em Aberto;17/06/2026;09/10/2026;109;Marcia - Compras;17;30/45 DIAS;;1.20.08.01.01.00519
75255;02/06/2026;223816;Conexão de Encaixe Cotovelo 90º ABC - Regular;200;PC;5,97;25158;KONGSBERG AUTOMOTIVE LTDA;Em Aberto;18/07/2026;09/11/2026;109;Marcia - Compras;17;30/45 DIAS;;1.20.08.01.01.00519
75256;02/06/2026;223816;Conexão de Encaixe Cotovelo 90º ABC - Regular;200;PC;5,97;25158;KONGSBERG AUTOMOTIVE LTDA;Em Aberto;26/08/2026;07/12/2026;109;Marcia - Compras;17;30/45 DIAS;;1.20.08.01.01.00519
75249;02/06/2026;223817;Conexão de Encaixe Cotovelo 45º ABC - RegularREF. RAUFOSS: 92050045;240;PC;5,06;25158;KONGSBERG AUTOMOTIVE LTDA;Em Aberto;17/06/2026;09/10/2026;109;Marcia - Compras;17;30/45 DIAS;;1.20.08.01.01.00520
75255;02/06/2026;223817;Conexão de Encaixe Cotovelo 45º ABC - RegularREF. RAUFOSS: 92050045;120;PC;5,06;25158;KONGSBERG AUTOMOTIVE LTDA;Em Aberto;18/07/2026;09/11/2026;109;Marcia - Compras;17;30/45 DIAS;;1.20.08.01.01.00520
75256;02/06/2026;223817;Conexão de Encaixe Cotovelo 45º ABC - RegularREF. RAUFOSS: 92050045;240;PC;5,06;25158;KONGSBERG AUTOMOTIVE LTDA;Em Aberto;26/08/2026;07/12/2026;109;Marcia - Compras;17;30/45 DIAS;;1.20.08.01.01.00520
75249;02/06/2026;223818;Conexao de Encaixe Sem Rosca 8x1 ABC - RegularREF. RAUFOSS: 90208005;750;PC;5,43;25158;KONGSBERG AUTOMOTIVE LTDA;Em Aberto;17/06/2026;09/10/2026;109;Marcia - Compras;17;30/45 DIAS;;1.20.08.01.01.00521
75255;02/06/2026;223818;Conexao de Encaixe Sem Rosca 8x1 ABC - RegularREF. RAUFOSS: 90208005;2.250,00;PC;5,43;25158;KONGSBERG AUTOMOTIVE LTDA;Em Aberto;18/07/2026;09/11/2026;109;Marcia - Compras;17;30/45 DIAS;;1.20.08.01.01.00521
75256;02/06/2026;223818;Conexao de Encaixe Sem Rosca 8x1 ABC - RegularREF. RAUFOSS: 90208005;1.125,00;PC;5,43;25158;KONGSBERG AUTOMOTIVE LTDA;Em Aberto;26/08/2026;07/12/2026;109;Marcia - Compras;17;30/45 DIAS;;1.20.08.01.01.00521
75252;02/06/2026;223819;Conexao de Encaixe Giratória M16x1,5 ABC - RegularREF. RAUFOSS: 93150016;200;PC;13,11;25158;KONGSBERG AUTOMOTIVE LTDA;Em Aberto;17/06/2026;09/10/2026;109;Marcia - Compras;17;30/45 DIAS;;1.20.08.01.01.00522
75255;02/06/2026;223819;Conexao de Encaixe Giratória M16x1,5 ABC - RegularREF. RAUFOSS: 93150016;1.000,00;PC;13,11;25158;KONGSBERG AUTOMOTIVE LTDA;Em Aberto;18/07/2026;09/11/2026;109;Marcia - Compras;17;30/45 DIAS;;1.20.08.01.01.00522
75256;02/06/2026;223819;Conexao de Encaixe Giratória M16x1,5 ABC - RegularREF. RAUFOSS: 93150016;400;PC;13,11;25158;KONGSBERG AUTOMOTIVE LTDA;Em Aberto;26/08/2026;07/12/2026;109;Marcia - Compras;17;30/45 DIAS;;1.20.08.01.01.00522
75977;09/07/2026;223819;Conexao de Encaixe Giratória M16x1,5 ABC - RegularREF. RAUFOSS: 93150016;400;PC;13,11;25158;KONGSBERG AUTOMOTIVE LTDA;Em Aberto;09/10/2026;09/10/2026;109;Marcia - Compras;17;30/45 DIAS;;1.20.08.01.01.00522
74877;15/05/2026;223820;Conexao Anteparo Uniao L - M16x1,5;40;PC;36,61;25158;KONGSBERG AUTOMOTIVE LTDA;Atendido Parcial;04/06/2026;08/09/2026;109;Marcia - Compras;17;30/45 DIAS;;1.20.08.01.01.00523
75252;02/06/2026;223820;Conexao Anteparo Uniao L - M16x1,5;160;PC;36,61;25158;KONGSBERG AUTOMOTIVE LTDA;Em Aberto;17/06/2026;09/10/2026;109;Marcia - Compras;17;30/45 DIAS;;1.20.08.01.01.00523
75255;02/06/2026;223820;Conexao Anteparo Uniao L - M16x1,5;440;PC;36,61;25158;KONGSBERG AUTOMOTIVE LTDA;Em Aberto;18/07/2026;09/11/2026;109;Marcia - Compras;17;30/45 DIAS;;1.20.08.01.01.00523
75256;02/06/2026;223820;Conexao Anteparo Uniao L - M16x1,5;200;PC;36,61;25158;KONGSBERG AUTOMOTIVE LTDA;Em Aberto;26/08/2026;07/12/2026;109;Marcia - Compras;17;30/45 DIAS;;1.20.08.01.01.00523
75975;09/07/2026;223820;Conexao Anteparo Uniao L - M16x1,5;160;PC;36,61;25158;KONGSBERG AUTOMOTIVE LTDA;Em Aberto;25/09/2026;25/09/2026;109;Marcia - Compras;17;30/45 DIAS;;1.20.08.01.01.00523
74877;15/05/2026;223821;Conexão Tomada de Teste - M16x1,5;75;PC;14,89;25158;KONGSBERG AUTOMOTIVE LTDA;Atendido Parcial;04/06/2026;08/09/2026;109;Marcia - Compras;17;30/45 DIAS;;1.20.08.01.01.00524
75252;02/06/2026;223821;Conexão Tomada de Teste - M16x1,5;150;PC;14,89;25158;KONGSBERG AUTOMOTIVE LTDA;Em Aberto;17/06/2026;09/10/2026;109;Marcia - Compras;17;30/45 DIAS;;1.20.08.01.01.00524
75255;02/06/2026;223821;Conexão Tomada de Teste - M16x1,5;450;PC;14,89;25158;KONGSBERG AUTOMOTIVE LTDA;Em Aberto;18/07/2026;09/11/2026;109;Marcia - Compras;17;30/45 DIAS;;1.20.08.01.01.00524
75256;02/06/2026;223821;Conexão Tomada de Teste - M16x1,5;300;PC;14,89;25158;KONGSBERG AUTOMOTIVE LTDA;Em Aberto;26/08/2026;07/12/2026;109;Marcia - Compras;17;30/45 DIAS;;1.20.08.01.01.00524
74877;15/05/2026;223822;Conexao Anteparo M.M22x1,5-F.M16x1,5;80;PC;16,82;25158;KONGSBERG AUTOMOTIVE LTDA;Atendido Parcial;04/06/2026;08/09/2026;109;Marcia - Compras;17;30/45 DIAS;;1.20.08.01.01.00525
75252;02/06/2026;223822;Conexao Anteparo M.M22x1,5-F.M16x1,5;240;PC;16,82;25158;KONGSBERG AUTOMOTIVE LTDA;Em Aberto;17/06/2026;09/10/2026;109;Marcia - Compras;17;30/45 DIAS;;1.20.08.01.01.00525
75255;02/06/2026;223822;Conexao Anteparo M.M22x1,5-F.M16x1,5;960;PC;16,82;25158;KONGSBERG AUTOMOTIVE LTDA;Em Aberto;18/07/2026;09/11/2026;109;Marcia - Compras;17;30/45 DIAS;;1.20.08.01.01.00525
75256;02/06/2026;223822;Conexao Anteparo M.M22x1,5-F.M16x1,5;400;PC;16,82;25158;KONGSBERG AUTOMOTIVE LTDA;Em Aberto;26/08/2026;07/12/2026;109;Marcia - Compras;17;30/45 DIAS;;1.20.08.01.01.00525
75975;09/07/2026;223822;Conexao Anteparo M.M22x1,5-F.M16x1,5;240;PC;16,82;25158;KONGSBERG AUTOMOTIVE LTDA;Em Aberto;25/09/2026;25/09/2026;109;Marcia - Compras;17;30/45 DIAS;;1.20.08.01.01.00525
75252;02/06/2026;223823;Conexão Adaptador Macho - 10-M16x1,5REF. RAUFOSS: 6237784;450;PC;12,05;25158;KONGSBERG AUTOMOTIVE LTDA;Em Aberto;17/06/2026;09/10/2026;109;Marcia - Compras;17;30/45 DIAS;;1.20.08.01.01.00526
75255;02/06/2026;223823;Conexão Adaptador Macho - 10-M16x1,5REF. RAUFOSS: 6237784;1.500,00;PC;12,05;25158;KONGSBERG AUTOMOTIVE LTDA;Em Aberto;18/07/2026;09/11/2026;109;Marcia - Compras;17;30/45 DIAS;;1.20.08.01.01.00526
75256;02/06/2026;223823;Conexão Adaptador Macho - 10-M16x1,5REF. RAUFOSS: 6237784;700;PC;12,05;25158;KONGSBERG AUTOMOTIVE LTDA;Em Aberto;26/08/2026;07/12/2026;109;Marcia - Compras;17;30/45 DIAS;;1.20.08.01.01.00526
75975;09/07/2026;223823;Conexão Adaptador Macho - 10-M16x1,5REF. RAUFOSS: 6237784;600;PC;12,05;25158;KONGSBERG AUTOMOTIVE LTDA;Em Aberto;25/09/2026;25/09/2026;109;Marcia - Compras;17;30/45 DIAS;;1.20.08.01.01.00526
75167;29/05/2026;223824;Bobina #24 Zn 0,65x170mm Slitter(Encosto De Carga)(Fabricado;20.000,00;KG;0,22;23859;VALEFER COMERCIO DE ACOS LTDA;Em Aberto;30/06/2026;06/07/2026;109;Marcia - Compras;10;30/60 DIAS;;5.29.01.01.01.00005
74877;15/05/2026;223826;Conexao Tampao - M22x1,5;120;PC;11,23;25158;KONGSBERG AUTOMOTIVE LTDA;Atendido Parcial;04/06/2026;08/09/2026;109;Marcia - Compras;17;30/45 DIAS;;1.20.08.01.01.00527
75252;02/06/2026;223826;Conexao Tampao - M22x1,5;120;PC;11,23;25158;KONGSBERG AUTOMOTIVE LTDA;Em Aberto;17/06/2026;09/10/2026;109;Marcia - Compras;17;30/45 DIAS;;1.20.08.01.01.00527
75256;02/06/2026;223826;Conexao Tampao - M22x1,5;120;PC;11,23;25158;KONGSBERG AUTOMOTIVE LTDA;Em Aberto;26/08/2026;07/12/2026;109;Marcia - Compras;17;30/45 DIAS;;1.20.08.01.01.00527
75252;02/06/2026;223828;Conexao Tampao de Drenagem C/Anel - M22x1,5;150;PC;16,12;25158;KONGSBERG AUTOMOTIVE LTDA;Em Aberto;17/06/2026;09/10/2026;109;Marcia - Compras;17;30/45 DIAS;;1.20.08.01.01.00528
75256;02/06/2026;223828;Conexao Tampao de Drenagem C/Anel - M22x1,5;75;PC;16,12;25158;KONGSBERG AUTOMOTIVE LTDA;Em Aberto;26/08/2026;07/12/2026;109;Marcia - Compras;17;30/45 DIAS;;1.20.08.01.01.00528
75252;02/06/2026;223833;Conexao Tampao - M16x1,5REF. RAUFOSS: 6237607;220;PC;7,84;25158;KONGSBERG AUTOMOTIVE LTDA;Em Aberto;17/06/2026;09/10/2026;109;Marcia - Compras;17;30/45 DIAS;;1.20.07.01.01.00497
75255;02/06/2026;223833;Conexao Tampao - M16x1,5REF. RAUFOSS: 6237607;220;PC;7,84;25158;KONGSBERG AUTOMOTIVE LTDA;Em Aberto;18/07/2026;09/11/2026;109;Marcia - Compras;17;30/45 DIAS;;1.20.07.01.01.00497
75954;09/07/2026;224008;Pendente De Luz Com Plugue;8;PC;47;20944;A. MICHELSON & FILHOS LTDA.;Em Aberto;23/07/2026;23/07/2026;55;Gabriel André Bertram;7;30 DIAS;;4.01.21.01.02.02689
74956;20/05/2026;224025;CJ BLC HIDR MontadoBloco ManifoldVal Retenção-LCV08P03 Val Reguladora Pressao-LNRV0850Val Fluxo Compensada-BFCV08NSVal Direcional 4/3 vias-WK43DNA51OMSVal Direcional 4/2 Vias-LSV2104NO2XERVal Direcional 3/2 Vias-LSV2103B2XERC/ Bobina 24VDC Conector DEUTSCH;3;PC;4.590,00;25564;BUCHER HIDRAULICA LTDA.;Em Aberto;13/07/2026;13/07/2026;41;Gibson Ribeiro;12;28/42/56 DIAS;;1.23.01.01.01.00946
74957;20/05/2026;224025;CJ BLC HIDR MontadoBloco ManifoldVal Retenção-LCV08P03 Val Reguladora Pressao-LNRV0850Val Fluxo Compensada-BFCV08NSVal Direcional 4/3 vias-WK43DNA51OMSVal Direcional 4/2 Vias-LSV2104NO2XERVal Direcional 3/2 Vias-LSV2103B2XERC/ Bobina 24VDC Conector DEUTSCH;3;PC;4.590,00;25564;BUCHER HIDRAULICA LTDA.;Em Aberto;13/08/2026;13/08/2026;41;Gibson Ribeiro;12;28/42/56 DIAS;;1.23.01.01.01.00946
74958;20/05/2026;224025;CJ BLC HIDR MontadoBloco ManifoldVal Retenção-LCV08P03 Val Reguladora Pressao-LNRV0850Val Fluxo Compensada-BFCV08NSVal Direcional 4/3 vias-WK43DNA51OMSVal Direcional 4/2 Vias-LSV2104NO2XERVal Direcional 3/2 Vias-LSV2103B2XERC/ Bobina 24VDC Conector DEUTSCH;3;PC;4.590,00;25564;BUCHER HIDRAULICA LTDA.;Em Aberto;13/09/2026;13/09/2026;41;Gibson Ribeiro;12;28/42/56 DIAS;;1.23.01.01.01.00946
74959;20/05/2026;224025;CJ BLC HIDR MontadoBloco ManifoldVal Retenção-LCV08P03 Val Reguladora Pressao-LNRV0850Val Fluxo Compensada-BFCV08NSVal Direcional 4/3 vias-WK43DNA51OMSVal Direcional 4/2 Vias-LSV2104NO2XERVal Direcional 3/2 Vias-LSV2103B2XERC/ Bobina 24VDC Conector DEUTSCH;3;PC;4.590,00;25564;BUCHER HIDRAULICA LTDA.;Em Aberto;13/10/2026;13/10/2026;41;Gibson Ribeiro;12;28/42/56 DIAS;;1.23.01.01.01.00946
74956;20/05/2026;224026;Conjunto Motor Bomba composto por: Motor 4.5 KW de 24VDC // Bomba de 2,5cm³ // Relé de Partida 24VDC-300A;3;PC;5.520,00;25564;BUCHER HIDRAULICA LTDA.;Em Aberto;13/07/2026;13/07/2026;41;Gibson Ribeiro;12;28/42/56 DIAS;;1.23.01.01.01.00947
74957;20/05/2026;224026;Conjunto Motor Bomba composto por: Motor 4.5 KW de 24VDC // Bomba de 2,5cm³ // Relé de Partida 24VDC-300A;3;PC;5.520,00;25564;BUCHER HIDRAULICA LTDA.;Em Aberto;13/08/2026;13/08/2026;41;Gibson Ribeiro;12;28/42/56 DIAS;;1.23.01.01.01.00947
74958;20/05/2026;224026;Conjunto Motor Bomba composto por: Motor 4.5 KW de 24VDC // Bomba de 2,5cm³ // Relé de Partida 24VDC-300A;3;PC;5.520,00;25564;BUCHER HIDRAULICA LTDA.;Em Aberto;13/09/2026;13/09/2026;41;Gibson Ribeiro;12;28/42/56 DIAS;;1.23.01.01.01.00947
74959;20/05/2026;224026;Conjunto Motor Bomba composto por: Motor 4.5 KW de 24VDC // Bomba de 2,5cm³ // Relé de Partida 24VDC-300A;3;PC;5.520,00;25564;BUCHER HIDRAULICA LTDA.;Em Aberto;13/10/2026;13/10/2026;41;Gibson Ribeiro;12;28/42/56 DIAS;;1.23.01.01.01.00947
75936;09/07/2026;224298;Pneus Goodyear 275/80r22.5 KMAX S GEN 2;42;PC;1.605,03;21066;GOODYEAR DO BRASIL PROD.DE BORR.LTD;Em Aberto;21/07/2026;21/07/2026;41;Gibson Ribeiro;8;45 DIAS;;1.20.06.01.01.00059
75885;07/07/2026;224314;Kit motor com controle para Toldo;1;PC;1.230,00;20873;IND. E COM. DE TOLDOS TIMBO LTDA.;Em Aberto;07/07/2026;07/07/2026;41;Gibson Ribeiro;6;28 DIAS;;4.01.21.01.02.02697
75547;17/06/2026;224380;Pneu Black Lion 235/75R17.5 18PR TL 143/141L BF188 (Rod. Liso);140;PC;626,68;24730;R S PNEUS E EQUIPAMENTOS LTDA;Em Aberto;03/08/2026;03/08/2026;41;Gibson Ribeiro;16;28/56/84/112 DIAS;;1.20.06.01.01.00060
75661;25/06/2026;224386;Cinta Inferior Pescoco 16x2500x3698mm - CI;2;PC;1.167,00;22193;BAUMANN IND E COM DE ACOS LTDA;Em Aberto;27/07/2026;27/07/2026;109;Marcia - Compras;7;30 DIAS;;5.20.01.01.01.02666
75661;25/06/2026;224387;Cinta Superior Pescoco 12x2500x3955mm - CI;2;PC;787,9;22193;BAUMANN IND E COM DE ACOS LTDA;Em Aberto;27/07/2026;27/07/2026;109;Marcia - Compras;7;30 DIAS;;5.20.01.01.01.02667
75990;09/07/2026;224660;Caixa Comando Modelo Manual (Base) - Impressao 3D;2;PC;1;24904;MUV INDUSTRIAL LTDA;Em Aberto;17/07/2026;17/07/2026;109;Marcia - Compras;4;14 DIAS;;1.23.01.01.01.00951
76001;10/07/2026;224660;Caixa Comando Modelo Manual (Base) - Impressao 3D;10;PC;1;24904;MUV INDUSTRIAL LTDA;Em Aberto;17/08/2026;17/08/2026;109;Marcia - Compras;4;14 DIAS;;1.23.01.01.01.00951
75990;09/07/2026;224661;Caixa Comando Modelo Manual (Tampa) - Impressao 3D;2;PC;1;24904;MUV INDUSTRIAL LTDA;Em Aberto;17/07/2026;17/07/2026;109;Marcia - Compras;4;14 DIAS;;1.23.01.01.01.00952
76001;10/07/2026;224661;Caixa Comando Modelo Manual (Tampa) - Impressao 3D;10;PC;1;24904;MUV INDUSTRIAL LTDA;Em Aberto;17/08/2026;17/08/2026;109;Marcia - Compras;4;14 DIAS;;1.23.01.01.01.00952
75345;08/06/2026;224711;Sacola 33x43,5x20cm Papel Duplex;2.000,00;UN;7;22614;VIGRAF IND GRAFICA LTDA EPP;Em Aberto;15/08/2026;15/08/2026;41;Gibson Ribeiro;7;30 DIAS;;3.48.01.01.01.00089
74779;12/05/2026;224714;Caneta Metal Preta;100;UN;13,99;25001;SUL BRINDES ESPECIAIS LTDA;Atendido Parcial;01/06/2026;31/07/2026;55;Gabriel André Bertram;37;42/56/70;;3.03.01.02.01.00017
75849;03/07/2026;224729;Tubo Nylon 15x12 (15x1,5) Preto (Sem Trama);400;M;6,3;24841;PIVATO AUTO PARTS LTDA;Em Aberto;31/07/2026;31/07/2026;109;Marcia - Compras;12;28/42/56 DIAS;;1.09.01.02.01.00025
76006;10/07/2026;224825;Paraf M12x1,75x40 DIN933 CB SXT RT Inox A2 PA - Cabeca Sextavada Rosca Total - Passivado;0,2;CT;402,74;25417;TORNEARIA BARBIERI LTDA.;Em Aberto;24/07/2026;24/07/2026;55;Gabriel André Bertram;7;30 DIAS;;1.04.01.13.01.00065
76011;10/07/2026;224834;Filtro Retorno 42LPM 10 Microns 1'BSP C/IND.VISUAL 0..6BAR - BRA6EB010PH2M;12;PC;239,4;24206;NEWTEC FILTROS E PECAS LTDA;Em Aberto;17/07/2026;17/07/2026;109;Marcia - Compras;6;28 DIAS;;1.23.01.01.01.00953
75958;09/07/2026;225278;Barra Chata Inox 304 - 38,1x12,7x6000mm - 1.1/2 x 1/2;9,6;KG;1;22091;INOX DO BRASIL COMERCIO DE ACO LTDA;Em Aberto;24/07/2026;24/07/2026;109;Marcia - Compras;6;28 DIAS;;1.23.01.01.01.00955
76007;10/07/2026;225349;Arruela Zincada 25 ext x8 int x2 esp;2;CT;26,91;25417;TORNEARIA BARBIERI LTDA.;Em Aberto;17/07/2026;17/07/2026;55;Gabriel André Bertram;7;30 DIAS;;4.01.21.01.02.02734
75991;09/07/2026;225395;Transmissor Modelo Tiger TG-11-4 C/ 10 Botoes, Display, Bateria Externa, 433MHZ;2;PC;1;24197;TELE RADIO BRASIL SISTEMAS DE CONTROLE REMOTO LTDA;Em Aberto;17/07/2026;17/07/2026;109;Marcia - Compras;6;28 DIAS;;1.23.01.01.01.00956
75992;09/07/2026;225395;Transmissor Modelo Tiger TG-11-4 C/ 10 Botoes, Display, Bateria Externa, 433MHZ;10;PC;1;24197;TELE RADIO BRASIL SISTEMAS DE CONTROLE REMOTO LTDA;Em Aberto;17/08/2026;17/08/2026;109;Marcia - Compras;6;28 DIAS;;1.23.01.01.01.00956
75991;09/07/2026;225396;Receptor Modelo Tiger TG-R4-26, C/ 2+7 Reles, CanOpen, 12-24VDC, 48-230VAC, 433MHZ;2;PC;1;24197;TELE RADIO BRASIL SISTEMAS DE CONTROLE REMOTO LTDA;Em Aberto;17/07/2026;17/07/2026;109;Marcia - Compras;6;28 DIAS;;1.23.01.01.01.00957
75992;09/07/2026;225396;Receptor Modelo Tiger TG-R4-26, C/ 2+7 Reles, CanOpen, 12-24VDC, 48-230VAC, 433MHZ;10;PC;1;24197;TELE RADIO BRASIL SISTEMAS DE CONTROLE REMOTO LTDA;Em Aberto;17/08/2026;17/08/2026;109;Marcia - Compras;6;28 DIAS;;1.23.01.01.01.00957
75991;09/07/2026;225397;Etiqueta Adesiva Customizada Transmissor Tiger C/ 10 Botoes Linshalm;2;PC;1;24197;TELE RADIO BRASIL SISTEMAS DE CONTROLE REMOTO LTDA;Em Aberto;17/07/2026;17/07/2026;109;Marcia - Compras;6;28 DIAS;;1.23.01.01.01.00958
75992;09/07/2026;225397;Etiqueta Adesiva Customizada Transmissor Tiger C/ 10 Botoes Linshalm;10;PC;1;24197;TELE RADIO BRASIL SISTEMAS DE CONTROLE REMOTO LTDA;Em Aberto;17/08/2026;17/08/2026;109;Marcia - Compras;6;28 DIAS;;1.23.01.01.01.00958
75991;09/07/2026;225398;Antena 1/4 Onda C/Cabo 1m - BNC - 1/2-433K1;2;PC;1;24197;TELE RADIO BRASIL SISTEMAS DE CONTROLE REMOTO LTDA;Em Aberto;17/07/2026;17/07/2026;109;Marcia - Compras;6;28 DIAS;;1.23.01.01.01.00959
75992;09/07/2026;225398;Antena 1/4 Onda C/Cabo 1m - BNC - 1/2-433K1;10;PC;1;24197;TELE RADIO BRASIL SISTEMAS DE CONTROLE REMOTO LTDA;Em Aberto;17/08/2026;17/08/2026;109;Marcia - Compras;6;28 DIAS;;1.23.01.01.01.00959
75947;09/07/2026;225436;Transmissor Ref:  ZBRT1;2;PC;426,42;23695;VALE AUTOMACAO E COM. DE MAT. ELETRICOS LTDA;Em Aberto;13/07/2026;13/07/2026;41;Gibson Ribeiro;7;30 DIAS;;4.01.21.01.02.02736
75944;09/07/2026;225573;Adaptador Parafusadeira 1/2' para Bits 1/4';2;PC;17,91;25396;CICAMPO MAQUINAS E FERRAMENTAS LTDA;Em Aberto;17/07/2026;17/07/2026;55;Gabriel André Bertram;6;28 DIAS;;4.01.21.01.02.02737
75897;07/07/2026;225576;Parafusadeira  Controle Torque 540W, 4-26 NM;3;PC;1.780,00;23761;MW MAQUINAS E FERRAMENTAS LTDA;Em Aberto;07/07/2026;10/07/2026;55;Gabriel André Bertram;23;30/60/90 DIAS;;4.01.21.01.02.02738
75865;03/07/2026;225577;Mancal Intermediario D40 Ref: 0073735;10;PC;2.800,00;20800;FEBRATEC INDUSTRIA E COMERCIO LTDA;Em Aberto;30/07/2026;30/07/2026;55;Gabriel André Bertram;26;28/56;;4.01.21.01.02.02739
75896;07/07/2026;225714;Anel Elastico Ref: 29619;2;PC;0;20278;REITZ INDUSTRIA MECANICA LTDA.;Em Aberto;30/08/2026;30/08/2026;55;Gabriel André Bertram;12;28/42/56 DIAS;;4.01.21.01.02.02740
75896;07/07/2026;225715;Gaiola Agulhas Ref:29610;2;PC;0;20278;REITZ INDUSTRIA MECANICA LTDA.;Em Aberto;30/08/2026;30/08/2026;55;Gabriel André Bertram;12;28/42/56 DIAS;;4.01.21.01.02.02741
75896;07/07/2026;225716;Oring Ref:20544;2;PC;0;20278;REITZ INDUSTRIA MECANICA LTDA.;Em Aberto;30/08/2026;30/08/2026;55;Gabriel André Bertram;12;28/42/56 DIAS;;8.01.21.01.02.02741
75896;07/07/2026;225717;Oring Ref 60935;2;PC;0;20278;REITZ INDUSTRIA MECANICA LTDA.;Em Aberto;30/08/2026;30/08/2026;55;Gabriel André Bertram;12;28/42/56 DIAS;;4.01.21.01.02.02743
75896;07/07/2026;225718;Palhetas 5 jgs Ref: 29614;1;PC;0;20278;REITZ INDUSTRIA MECANICA LTDA.;Em Aberto;30/08/2026;30/08/2026;55;Gabriel André Bertram;12;28/42/56 DIAS;;4.01.21.01.02.02744
75896;07/07/2026;225719;Rolamento Ref: 281208;6;PC;0;20278;REITZ INDUSTRIA MECANICA LTDA.;Em Aberto;30/08/2026;30/08/2026;55;Gabriel André Bertram;12;28/42/56 DIAS;;4.01.21.01.02.02745
75896;07/07/2026;225720;Gaiola Agulha Ref: 29604;2;PC;0;20278;REITZ INDUSTRIA MECANICA LTDA.;Em Aberto;30/08/2026;30/08/2026;55;Gabriel André Bertram;12;28/42/56 DIAS;;4.01.21.01.02.02746
75896;07/07/2026;225721;Engrenagem Planet Ref: 6850;4;PC;0;20278;REITZ INDUSTRIA MECANICA LTDA.;Em Aberto;30/08/2026;30/08/2026;55;Gabriel André Bertram;12;28/42/56 DIAS;;4.01.21.01.02.02747
75896;07/07/2026;225722;Gatilho Ref:2001;5;PC;0;20278;REITZ INDUSTRIA MECANICA LTDA.;Em Aberto;30/08/2026;30/08/2026;55;Gabriel André Bertram;12;28/42/56 DIAS;;4.01.21.01.02.02748
75896;07/07/2026;225723;Tampa Posterior Cilindro Ref: 41602;2;PC;0;20278;REITZ INDUSTRIA MECANICA LTDA.;Em Aberto;30/08/2026;30/08/2026;55;Gabriel André Bertram;12;28/42/56 DIAS;;4.01.21.01.02.02749
75896;07/07/2026;225724;Rolamento Ref: 401712-Z;6;PC;0;20278;REITZ INDUSTRIA MECANICA LTDA.;Em Aberto;30/08/2026;30/08/2026;55;Gabriel André Bertram;12;28/42/56 DIAS;;4.01.21.01.02.02750
75896;07/07/2026;225726;Cabo Pistola Aluminio Ref: 16614;3;PC;0;20278;REITZ INDUSTRIA MECANICA LTDA.;Em Aberto;30/08/2026;30/08/2026;55;Gabriel André Bertram;12;28/42/56 DIAS;;4.01.21.01.02.02752
75896;07/07/2026;225727;Anel Descarga Ref: 16603;1;PC;0;20278;REITZ INDUSTRIA MECANICA LTDA.;Em Aberto;30/08/2026;30/08/2026;55;Gabriel André Bertram;12;28/42/56 DIAS;;4.01.21.01.02.02754
75896;07/07/2026;225728;Disco Da Valvula Ref: 161816;2;PC;0;20278;REITZ INDUSTRIA MECANICA LTDA.;Em Aberto;30/08/2026;30/08/2026;55;Gabriel André Bertram;12;28/42/56 DIAS;;4.01.21.01.02.02755
75896;07/07/2026;225729;Mola Retentora Curta Ref: 16604-C;2;PC;0;20278;REITZ INDUSTRIA MECANICA LTDA.;Em Aberto;30/08/2026;30/08/2026;55;Gabriel André Bertram;12;28/42/56 DIAS;;4.01.21.01.02.02756
73634;13/03/2026;225737;Kit Ferramentas Std 10 UN -16 mm - Ref. Raufoss 1001472425;10;UN;34,62;25158;KONGSBERG AUTOMOTIVE LTDA;Atendido Parcial;26/03/2026;03/07/2026;109;Marcia - Compras;17;30/45 DIAS;03/07/2026;4.01.11.01.01.00564
75385;09/06/2026;225738;Caixa Polipropileno 600(a) x 415(l) x 460(p)  esp. 3 mm 74 litros Just 81104 BR;40;UN;265,46;24808;DAKEN BRASIL LTDA;Em Aberto;19/06/2026;24/07/2026;109;Marcia - Compras;29;30/60/90/120;;1.07.03.02.01.00103
75634;24/06/2026;225738;Caixa Polipropileno 600(a) x 415(l) x 460(p)  esp. 3 mm 74 litros Just 81104 BR;40;UN;265,46;24808;DAKEN BRASIL LTDA;Em Aberto;08/07/2026;24/07/2026;109;Marcia - Compras;29;30/60/90/120;;1.07.03.02.01.00103
75588;19/06/2026;225739;Caixa Polipropileno 1020(a) x 500(l) x 460(p)  esp. 3 mm 153 litros Just 81111  IMP;50;PC;454,8;24808;DAKEN BRASIL LTDA;Em Aberto;16/07/2026;24/07/2026;109;Marcia - Compras;29;30/60/90/120;;1.07.03.02.01.00104
75959;09/07/2026;225815;'Cabo C/ Conector Deutsch Reto, 2Vias-5,0m6936701 - DT06-2S-S-5/TXL';8;PC;1;24034;TURCK DO BRASIL AUTOMACAO LTDA;Em Aberto;27/07/2026;27/07/2026;109;Marcia - Compras;23;30/60/90 DIAS;;1.23.01.01.01.00960
75969;09/07/2026;225815;'Cabo C/ Conector Deutsch Reto, 2Vias-5,0m6936701 - DT06-2S-S-5/TXL';40;PC;1;24034;TURCK DO BRASIL AUTOMACAO LTDA;Em Aberto;24/07/2026;24/07/2026;109;Marcia - Compras;23;30/60/90 DIAS;;1.23.01.01.01.00960
75959;09/07/2026;225816;'Cabo C/ Conecotores M12-Macho Reto x Ponta Aberta, 5Vias-10,0m, Blindado6626375 - RKS4.5T-10/TXL';2;PC;1;24034;TURCK DO BRASIL AUTOMACAO LTDA;Em Aberto;27/07/2026;27/07/2026;109;Marcia - Compras;23;30/60/90 DIAS;;1.23.01.01.01.00961
75969;09/07/2026;225816;'Cabo C/ Conecotores M12-Macho Reto x Ponta Aberta, 5Vias-10,0m, Blindado6626375 - RKS4.5T-10/TXL';10;PC;1;24034;TURCK DO BRASIL AUTOMACAO LTDA;Em Aberto;24/07/2026;24/07/2026;109;Marcia - Compras;23;30/60/90 DIAS;;1.23.01.01.01.00961
75959;09/07/2026;225817;CR0401 - Controlador Logico Programavel CLP;2;PC;1;24034;TURCK DO BRASIL AUTOMACAO LTDA;Em Aberto;27/07/2026;27/07/2026;109;Marcia - Compras;23;30/60/90 DIAS;;1.23.01.01.01.00962
75969;09/07/2026;225817;CR0401 - Controlador Logico Programavel CLP;10;PC;1;24034;TURCK DO BRASIL AUTOMACAO LTDA;Em Aberto;24/07/2026;24/07/2026;109;Marcia - Compras;23;30/60/90 DIAS;;1.23.01.01.01.00962
75959;09/07/2026;225818;EC0456 - Kit Conectores;2;PC;1;24034;TURCK DO BRASIL AUTOMACAO LTDA;Em Aberto;27/07/2026;27/07/2026;109;Marcia - Compras;23;30/60/90 DIAS;;1.23.01.01.01.00963
75969;09/07/2026;225818;EC0456 - Kit Conectores;10;PC;1;24034;TURCK DO BRASIL AUTOMACAO LTDA;Em Aberto;24/07/2026;24/07/2026;109;Marcia - Compras;23;30/60/90 DIAS;;1.23.01.01.01.00963
75959;09/07/2026;225819;'Kit caixa de Fusiveis/Reles Modular para chicotes eletricos15 fusíveis / 10 reles';12;PC;1;24034;TURCK DO BRASIL AUTOMACAO LTDA;Em Aberto;27/07/2026;27/07/2026;109;Marcia - Compras;23;30/60/90 DIAS;;1.23.01.01.01.00964
75938;09/07/2026;225861;Camisa Sipat;452;PC;36,9;25601;KADOTO PLUS INDUSTRIA TEXTIL LTDA;Em Aberto;27/07/2026;27/07/2026;41;Gibson Ribeiro;117;0/30/60;;3.01.01.01.10.00080
73903;24/03/2026;;FRESA METAL DURO DESB 4100L K2 10X22X10X72;1;PC;272,5;24228;CONTINENTAL FERRAMENTAS E EQUIPAMENTOS LTDA;Atendido Parcial;30/04/2026;30/06/2026;55;Gabriel André Bertram;6;28 DIAS;;0.00.00.00.00.00000
73903;24/03/2026;;FRESA METAL DURO DESB 4160L K2 16X32X16X92;1;PC;573,4;24228;CONTINENTAL FERRAMENTAS E EQUIPAMENTOS LTDA;Atendido Parcial;30/04/2026;31/07/2026;55;Gabriel André Bertram;6;28 DIAS;;0.00.00.00.00.00000
74046;31/03/2026;223824;Bobina #24 Zn 0,65x170mm Slitter(Encosto De Carga)(Fabricado;496;KG;0,22;23859;VALEFER COMERCIO DE ACOS LTDA;Atendido;14/04/2026;08/05/2026;109;Marcia - Compras;10;30/60 DIAS;14/05/2026;5.29.01.01.01.00005
74930;18/05/2026;;FILTRO INF 380X565MM PERMEAB 150;1;PC;49,88;25563;INMES INDUSTRIAL LTDA;Em Aberto;29/05/2026;16/06/2026;55;Gabriel André Bertram;47;ANTECIPADO;;0.00.00.00.00.00000
74930;18/05/2026;;FILTRO SUP 380X730MM PERMEAB 150;1;PC;67,74;25563;INMES INDUSTRIAL LTDA;Em Aberto;12/07/2026;17/07/2026;55;Gabriel André Bertram;47;ANTECIPADO;;0.00.00.00.00.00000
74930;18/05/2026;;CINTA P/ FILTRO EXAUSTOR EM-100A/ EM-100B/ EM-200A/ EM-300A/ EM-300B/ EM-500A/ EM-200V/ IM-300P/ IM-300PL;1;PC;24,14;25563;INMES INDUSTRIAL LTDA;Em Aberto;29/05/2026;17/07/2026;55;Gabriel André Bertram;47;ANTECIPADO;;0.00.00.00.00.00000
74937;19/05/2026;;24660 - MANGUEIRA AR 15M;1;UN;815,9;21916;BAW BRASIL IND E COM LTDA;Em Aberto;22/05/2026;22/05/2026;55;Gabriel André Bertram;12;28/42/56 DIAS;;0.00.00.00.00.00000
75821;03/07/2026;;3561 BACIA CONTENÇÃO PL043 AMA 2000X1330X700 1100L;1;PC;2.367,00;23912;TECNOTRI INDUSTRIA DE PLASTICO LTDA;Em Aberto;01/08/2026;10/07/2026;55;Gabriel André Bertram;6;28 DIAS;;0.00.00.00.00.00000
75888;07/07/2026;;MANOMETRO ENTRADA ARG/CO2/OXI 315;1;PC;58;23263;ELETRO MECANICA FOSCOLOS  EIRELI;Em Aberto;10/07/2026;10/07/2026;55;Gabriel André Bertram;5;21 DIAS;;0.00.00.00.00.00000
75888;07/07/2026;;MANOMETRO SAIDA OXI 0,16;1;PC;58;23263;ELETRO MECANICA FOSCOLOS  EIRELI;Em Aberto;10/07/2026;10/07/2026;55;Gabriel André Bertram;5;21 DIAS;;0.00.00.00.00.00000
75909;08/07/2026;;SERRA COPO BIMETAL  108MM - 4.1/4' - HT (MANUTENÇÃO);1;PC;133;25169;DL FERRAGENS E FERRAMENTAS LTDA;Em Aberto;08/07/2026;17/07/2026;55;Gabriel André Bertram;6;28 DIAS;;0.00.00.00.00.00000
75937;09/07/2026;;SERRA COPO BIMETAL  108MM - 4.1/4' - HT;2;PC;133;25169;DL FERRAGENS E FERRAMENTAS LTDA;Em Aberto;10/07/2026;10/07/2026;55;Gabriel André Bertram;6;28 DIAS;;0.00.00.00.00.00000
